NRO;CAP_;CDL;CAT_;PREP_;LOGRADOURO;LOTE;REFERENCIA;PASSEIO;AREA_AZUL;OBSERVACAO;AV_STATUS;AV_SCORE;AV_SIDE;LATITUDE;LONGITUDE
1;3;7778020;R;;CALDAS JUNIOR;6;;;x;;M;100;L;-30,02838822;-51,23288749
2;2;7778038;R;;CAPITAO MONTANHA;17;;;;;M;100;R;-30,02833193;-51,2324585
3;2;7778038;R;;CAPITAO MONTANHA;37;;;;;M;100;R;-30,02854819;-51,23235754
4;3;7778020;R;;CALDAS JUNIOR;50;;;x;;M;100;L;-30,02884606;-51,23268156
5;3;7777162;R;;SIQUEIRA CAMPOS;853;;;;;M;100;R;-30,02931477;-51,23317908
6;3;7778012;R;;GEN JOAO MANOEL;157;;x;;;M;100;R;-30,03011521;-51,23379248
7;2;7777071;TRAV;;ARAUJO RIBEIRO;10;entre Siqueira e Maua;;x;;U;0;;;
8;3;7777162;R;;SIQUEIRA CAMPOS;727;;;x;;M;100;R;-30,02976284;-51,23450111
9;2;7777071;TRAV;;ARAUJO RIBEIRO;306;Lado oposto 305;;x;;U;0;;;
10;2;7777162;R;;SIQUEIRA CAMPOS;637;;x;;;M;100;R;-30,03011687;-51,23555155
11;3;7777063;R;;GEN BENTO MARTINS;45;;;;;M;100;R;-30,03033984;-51,23585379
12;2;7777055;AV;;PADRE TOME;15;Tribunal de Contas;;;;M;100;R;-30,03034302;-51,23643758
13;3;7777162;R;;SIQUEIRA CAMPOS;437;;;;;M;100;R;-30,03060514;-51,2369421
14;3;7777014;R;;GEN PORTINHO;61;Praca, esq. Sete de setembro;;;;M;100;R;-30,03132738;-51,23797303
15;3;7777154;R;;SETE DE SETEMBRO;372;Estacion. obliquo;;;;M;100;L;-30,03137106;-51,23660609
16;2;7777154;R;;SETE DE SETEMBRO;472;Estacion. obliquo;;;;M;100;L;-30,03104183;-51,23564621
17;3;7777154;R;;SETE DE SETEMBRO;510;;;x;;M;100;L;-30,03094902;-51,2353728
18;2;7777154;R;;SETE DE SETEMBRO;604;Estacion. obliquo;;x;;M;100;L;-30,03062318;-51,23442088
19;2;7778012;R;;GEN JOAO MANOEL;237;entre Siqueira, proximo a Sete;x;;substituido - incendiado em 13 ou 14/07;U;0;;;
20;3;7777154;R;;SETE DE SETEMBRO;708;;;x;;M;100;L;-30,03029798;-51,23346906
21;2;7777154;R;;SETE DE SETEMBRO;790;;;;;M;100;L;-30,03001485;-51,23256479
22;3;7677065;R;DOS;ANDRADAS;851;;;x;;M;100;R;-30,03111528;-51,23314392
23;3;7677065;R;DOS;ANDRADAS;777;;;;;M;100;R;-30,03136809;-51,23387157
24;2;7677065;R;DOS;ANDRADAS;711;;;;;M;100;R;-30,03162389;-51,2346198
25;2;7777063;R;;GEN BENTO MARTINS;193;Lado oposto 192;;;;M;100;R;-30,03127608;-51,23543329
26;2;7777055;AV;;PADRE TOME;175;esq. Andradas;;;;U;0;;;
27;2;7777030;R;;GEN CANABARRO;170;entre Sete, proximo Andradas;;;;M;100;L;-30,03235142;-51,23607153
28;2;7677065;R;DOS;ANDRADAS;497;Estacion. obliquo;;;;M;100;R;-30,03233478;-51,23666739
29;3;7677065;R;DOS;ANDRADAS;385;;;;;M;100;R;-30,0327062;-51,23774847
30;3;7677065;R;DOS;ANDRADAS;283;;;;;M;100;R;-30,03304532;-51,23876037
31;2;7677065;R;DOS;ANDRADAS;195;;;;;M;100;R;-30,03320279;-51,23922449
32;3;7777246;AV;;PRESIDENTE JOAO GOULART;157;Na capatazia DMLU, 158;;;;M;100;R;-30,03210073;-51,23915439
33;3;7777246;AV;;PRESIDENTE JOAO GOULART;551;entr. estac. Usina Gasometro;x;;;M;100;R;-30,03526284;-51,24098449
34;2;7677016;R;;GEN SALUSTIANO;228;;;;;M;100;L;-30,03392199;-51,23968765
35;2;7677016;R;;GEN SALUSTIANO;298;;;;;M;100;L;-30,03463074;-51,23977582
36;2;7677057;R;;RIACHUELO;308;;;;;M;100;L;-30,03392368;-51,23846902
37;2;7677032;R;;GEN VASCO ALVES;300;;;;;M;100;L;-30,03393594;-51,2382988
38;2;7677057;R;;RIACHUELO;400;;;;;M;100;L;-30,03371019;-51,23774521
39;2;7777014;R;;GEN PORTINHO;251;;;;;M;100;R;-30,03314564;-51,23714269
40;3;7677057;R;;RIACHUELO;536;Lado oposto 535;;;;M;100;L;-30,03331376;-51,23640692
41;2;7777030;R;;GEN CANABARRO;256;Lado oposto 255;;;;M;100;L;-30,03269718;-51,23590919
42;2;7677057;R;;RIACHUELO;630;;;;;M;100;L;-30,03294737;-51,23521355
43;2;7777063;R;;GEN BENTO MARTINS;369;;;;;M;100;R;-30,03307047;-51,23462655
44;3;7677057;R;;RIACHUELO;716;;;;;M;100;L;-30,03270645;-51,23444316
45;2;7677057;R;;RIACHUELO;842;Lado oposto 841;;;;U;0;;;
46;2;7778012;R;;GEN JOAO MANOEL;400;;x;;;M;100;L;-30,03240533;-51,23296514
47;2;7677057;R;;RIACHUELO;880;;;x;;M;100;L;-30,03220868;-51,2327677
48;2;7778012;R;;GEN JOAO MANOEL;462;Ao lado 462;x;;;M;100;L;-30,03290539;-51,23280905
49;2;7677040;R;;DUQUE DE CAXIAS;847;;;;;M;100;R;-30,03343866;-51,23293787
50;2;7677040;R;;DUQUE DE CAXIAS;765;;;;;M;100;R;-30,03369678;-51,2339385
51;2;7777063;R;;GEN BENTO MARTINS;401;;;;;M;100;R;-30,03341479;-51,23447417
52;2;7677040;R;;DUQUE DE CAXIAS;693;;;;;M;100;R;-30,03386437;-51,23458093
53;3;7777030;R;;GEN CANABARRO;374;Ao lado 376;;;;M;100;L;-30,03332776;-51,235613
54;2;7777048;R;;GEN CYPRIANO FERREIRA;448;;;;;M;100;L;-30,03417142;-51,23544218
55;3;7677040;R;;DUQUE DE CAXIAS;541;;;;;M;100;R;-30,03426178;-51,23614822
56;2;7777014;R;;GEN PORTINHO;355;;;;;M;100;R;-30,03431957;-51,23661019
57;2;7677040;R;;DUQUE DE CAXIAS;437;Lado oposto 438;;;;M;100;R;-30,03446703;-51,23690314
58;2;7677032;R;;GEN VASCO ALVES;348;;;;;M;100;L;-30,03473779;-51,23798341
59;3;7677040;R;;DUQUE DE CAXIAS;309;;;;;M;100;R;-30,03492261;-51,23837091
60;2;7677040;R;;DUQUE DE CAXIAS;199;;;;Relocado do 203 para 199 em 13/07;M;100;R;-30,03529481;-51,23953902
61;2;7677016;R;;GEN SALUSTIANO;360;;;;;M;100;L;-30,03514258;-51,24001231
62;2;7677107;R;;WASHINGTON LUIZ;48;;;;;M;100;L;-30,03589497;-51,23991959
63;2;7677073;R;;DEMETRIO RIBEIRO;15;Lado oposto 8;;;;M;100;R;-30,03619871;-51,23920715
64;3;7677073;R;;DEMETRIO RIBEIRO;117;;;;;M;100;R;-30,03567491;-51,2382735
65;2;7777196;R;;CEL FERNANDO MACHADO;14;Lado oposto 13;;;;U;0;;;
66;2;7777196;R;;CEL FERNANDO MACHADO;101;Lado oposto 102;;;;M;100;R;-30,03484856;-51,23677241
67;2;7777196;R;;CEL FERNANDO MACHADO;190;;;;;M;100;L;-30,03479965;-51,23588544
68;2;7777048;R;;GEN CYPRIANO FERREIRA;500;;;;;M;100;L;-30,03465565;-51,23527238
69;2;7777196;R;;CEL FERNANDO MACHADO;350;;;;;M;100;L;-30,03484598;-51,23427942
70;2;7777063;R;;GEN BENTO MARTINS;515;;;;Deslocado do n.ï¿½ 515 para o n.ï¿½ 533;M;100;R;-30,03427566;-51,23408199
71;3;7777196;R;;CEL FERNANDO MACHADO;450;;;;;M;100;L;-30,03495231;-51,23328515
72;2;7777196;R;;CEL FERNANDO MACHADO;524;Lado oposto 525, escadaria;;;;M;100;L;-30,03504514;-51,23261369
73;2;7778012;R;;GEN JOAO MANOEL;627;;;;;M;100;R;-30,03471205;-51,23259435
74;2;7777063;R;;GEN BENTO MARTINS;313;;;;;M;100;R;-30,03215931;-51,23503198
75;2;7677073;R;;DEMETRIO RIBEIRO;623;;;;;M;100;R;-30,03583623;-51,23319155
76;3;7677073;R;;DEMETRIO RIBEIRO;535;;;;;M;100;R;-30,03573473;-51,23395555
77;2;7677073;R;;DEMETRIO RIBEIRO;443;;;;;M;100;R;-30,03559508;-51,23496642
78;2;7777048;R;;GEN CYPRIANO FERREIRA;551;;;;;M;100;R;-30,03528273;-51,23533512
79;2;7677073;R;;DEMETRIO RIBEIRO;355;Lado oposto 354;;;;M;100;R;-30,03547205;-51,23584355
80;3;7677073;R;;DEMETRIO RIBEIRO;247;;;;;M;100;R;-30,03534291;-51,23698258
81;2;7777014;R;;GEN PORTINHO;501;;;;;M;100;R;-30,0351343;-51,23641469
82;2;7677073;R;;DEMETRIO RIBEIRO;205;Ao lado 215;;;;M;100;R;-30,03546255;-51,23747631
83;3;7677107;R;;WASHINGTON LUIZ;200;;;;;M;100;L;-30,03634655;-51,23849713
84;2;7677107;R;;WASHINGTON LUIZ;302;;;;;M;100;L;-30,03619447;-51,23731695
85;2;7677107;R;;WASHINGTON LUIZ;396;Ao lado 386;;;;U;0;;;
86;2;7677107;R;;WASHINGTON LUIZ;405;Primeira entrada Cientec;;;;U;0;;;
87;2;7777048;R;;GEN CYPRIANO FERREIRA;643;lado oposto 642;;;;U;0;;;
88;2;7677107;R;;WASHINGTON LUIZ;530;;;;;M;100;L;-30,03613717;-51,2349872
89;3;7677107;R;;WASHINGTON LUIZ;630;;;;;M;100;L;-30,03638118;-51,23394318
90;2;7677107;R;;WASHINGTON LUIZ;675;;;;;M;100;R;-30,03652303;-51,23364913
91;2;7677107;R;;WASHINGTON LUIZ;704;;;;;M;100;L;-30,03651457;-51,23335056
92;2;7777212;AV;;AUGUSTO DE CARVALHO;612;MME, entre A. Carv. e Loureiro;;;;M;100;L;-30,03733097;-51,2327165
93;2;7777212;AV;;AUGUSTO DE CARVALHO;1205;IBGE;;;;M;100;R;-30,03928774;-51,23295969
94;3;7677081;AV;;LOUREIRO DA SILVA;445;Chocolatao;;;;M;100;R;-30,03735606;-51,23632675
95;2;0;R;;IBANOR JOSE TARTAROTI;150;TRF - entrada secundaria;x;;;U;0;;;
96;2;7676018;R;;OTAVIO FRANCISCO CARUSO DA ROCHA;600;apos o TRF;x;;;M;100;L;-30,04000657;-51,23618302
97;3;0;;;PARQUE DA HARMONIA;0;Fazendinha (SMAM);;;;U;0;;;
98;3;0;;;PARQUE DA HARMONIA;0;Fazendinha (SMAM);;;;U;0;;;
99;2;0;;;DEPREC - SPH;0;Cais Maua;;;;U;0;;;
100;2;7778046;AV;;SEPULVEDA;10;;;;;M;100;L;-30,02789671;-51,23177636
101;2;7778046;AV;;SEPULVEDA;50;;;;;M;100;L;-30,02828714;-51,23160006
102;3;7778079;R;;GEN CAMARA;101;Lado oposto 102;x;;;M;100;R;-30,02822906;-51,23042612
103;2;7778079;R;;GEN CAMARA;15;Lado oposto 14;;;;M;100;R;-30,02745308;-51,23076128
104;2;7777162;R;;SIQUEIRA CAMPOS;1163;;x;;Suprimido por solicitacao do DG/Prefeito;M;100;R;-30,02834052;-51,2303085
105;3;7777162;R;;SIQUEIRA CAMPOS;1301;Fundos Prefeitura velha;;;;U;0;;;
106;3;7778053;TRAV;;FRANCISCO DE LEONARDO TRUDA;115;esq. Sieuqira Campos;x;;;U;0;;;
107;3;7778053;TRAV;;FRANCISCO DE LEONARDO TRUDA;59;;;;;M;100;R;-30,02756314;-51,22974082
108;3;7778053;TRAV;;FRANCISCO DE LEONARDO TRUDA;15;Lado oposto 20;x;;;M;100;R;-30,02709708;-51,22995403
109;2;7778145;AV;;BORGES DE MEDEIROS;15;;x;;;M;100;R;-30,02706749;-51,22867874
110;3;7778145;AV;;BORGES DE MEDEIROS;65;Frente a Mario Cinco Paus;;;;M;100;R;-30,02735886;-51,22857218
111;3;7778145;AV;;BORGES DE MEDEIROS;67;Frente a Mario Cinco Paus;;;;M;100;R;-30,02736731;-51,22856901
112;2;0;;;Cais Maua;0;Frente ao Corpo de Bombeiros;;;;U;0;;;
113;3;7778103;R;;URUGUAI;190;Pca. Montevideo, est. obliquo;;;;U;0;;;
114;3;7777154;R;;SETE DE SETEMBRO;1123;;;;Delocado para o n.ï¿½ 1081 - solicitacao MPF;M;100;R;-30,02889254;-51,22921461
115;3;7777154;R;;SETE DE SETEMBRO;1051;;;;;M;100;R;-30,02912791;-51,22984833
116;3;7778079;R;;GEN CAMARA;185;esq. Sete de Setembro, banca;x;;;M;100;R;-30,02908523;-51,23005208
117;2;7778061;R;;CASSIANO NASCIMENTO;175;Correio, prox. canto do predio;x;;;U;0;;;
118;3;7778046;AV;;SEPULVEDA;175;Correio, ao lado Margs;x;;;U;0;;;
119;3;7778038;R;;CAPITAO MONTANHA;155;Banrrisul, est. obliquo;;x;;U;0;;;
120;2;7778020;R;;CALDAS JUNIOR;220;Lado oposto 219;;x;;M;100;L;-30,03028329;-51,23202831
121;3;7677065;R;DOS;ANDRADAS;955;;;;;M;100;R;-30,03072223;-51,23201308
122;3;7677065;R;DOS;ANDRADAS;1021;Calcadao;x;;;M;100;R;-30,03054177;-51,23149942
123;3;7677065;R;DOS;ANDRADAS;1137;Calcadao;x;;;M;100;R;-30,03016558;-51,23043227
124;3;7677065;R;DOS;ANDRADAS;1139;Calcadao;x;;;M;100;R;-30,03015909;-51,23041387
125;3;7778079;R;;GEN CAMARA;271;Lado oposto 270;;;;M;100;R;-30,02976294;-51,23000642
126;3;7677065;R;DOS;ANDRADAS;1223;Calcadao;x;;;M;100;R;-30,02994831;-51,22857021
127;3;7677065;R;DOS;ANDRADAS;1225;Calcadao;x;;;M;100;R;-30,029948;-51,22856426
128;3;7677065;R;DOS;ANDRADAS;1335;Calcadao;x;;;M;100;R;-30,0299309;-51,22823667
129;3;7677065;R;DOS;ANDRADAS;1337;Calcadao;x;;;U;0;;;
130;3;7778145;AV;;BORGES DE MEDEIROS;352;;x;;;M;100;L;-30,0297027;-51,22783933
131;3;7778145;AV;;BORGES DE MEDEIROS;354;;x;;;M;100;L;-30,02972668;-51,22783553
132;3;7778145;AV;;BORGES DE MEDEIROS;294;Estacion. obliquo;;x;;M;100;L;-30,02900753;-51,22794955
133;2;7778137;R;;JOSE MONTAURY;13;;x;;Deslocado para o n.ï¿½ 41 - solicitacao restaurante;M;100;R;-30,02909555;-51,22841793
134;3;7778145;AV;;BORGES DE MEDEIROS;255;;;;Removido em 13/07/11 -  EPRC, atrapalha lotacoes;M;100;R;-30,02859832;-51,22814204
135;3;7778137;R;;JOSE MONTAURY;116;Frente Brigada Militar;x;;;U;0;;;
136;3;7878077;PCA;;QUINZE DE NOVEMBRO;2;Abrigo Bondes, banca 2;x;;;M;100;L;-30,02773019;-51,22665447
137;3;7878077;PCA;;QUINZE DE NOVEMBRO;17;Lado oposto 16;x;;;M;100;R;-30,02829781;-51,22777867
138;3;7878077;PCA;;QUINZE DE NOVEMBRO;19;Lado oposto 16;x;;;M;100;R;-30,02831792;-51,22777273
139;3;7878085;R;;MARECHAL FLORIANO PEIXOTO;9;Lado oposto 10;x;;;M;100;R;-30,02864077;-51,2267775
140;2;7878127;AV;;OTAVIO ROCHA;54;;x;;;M;100;L;-30,02856792;-51,22610323
141;3;7878168;R;;VOLUNTARIOS DA PATRIA;57;;x;;;M;100;R;-30,02755612;-51,22598667
142;3;7778129;AV;;JULIO DE CASTILHOS;1;Frente as bancas;x;;;M;100;R;-30,0271689;-51,22857114
143;3;7878010;LG;;VISCONDE DO CAIRU;18;Canteiro central;x;;;M;100;L;-30,02641152;-51,22691895
144;3;7778129;AV;;JULIO DE CASTILHOS;51;;x;;;M;100;R;-30,02658877;-51,22632282
145;2;7878101;R;;VIGARIO JOSE IGNACIO;52;;x;;;M;100;L;-30,02630596;-51,22580142
146;3;7878093;PCA;;RUI BARBOSA;57;;;;;M;100;R;-30,02586449;-51,22493146
147;2;7878093;PCA;;RUI BARBOSA;9;Esq. Maua;x;;;M;100;R;-30,02529857;-51,22511757
148;2;7878093;PCA;;RUI BARBOSA;60;Esq. Julio de Castilhos;x;;;U;0;;;
149;3;7778129;AV;;JULIO DE CASTILHOS;293;;x;;;M;100;R;-30,02557247;-51,22400907
150;2;7878093;PCA;;RUI BARBOSA;170;;x;;;M;100;L;-30,02622392;-51,22419027
151;3;7878168;R;;VOLUNTARIOS DA PATRIA;282;;x;;;M;100;L;-30,02694453;-51,22395289
152;3;7878093;PCA;;RUI BARBOSA;167;;;;;M;100;R;-30,02646438;-51,22475265
153;3;7778129;AV;;JULIO DE CASTILHOS;171;;x;;;M;100;R;-30,02609034;-51,22507226
154;2;7878101;R;;VIGARIO JOSE IGNACIO;110;Lado oposto 107;x;;;U;0;;;
155;3;7878101;R;;VIGARIO JOSE IGNACIO;180;Lado oposto 171;;;;U;0;;;
156;2;7878168;R;;VOLUNTARIOS DA PATRIA;186;;x;;;M;100;L;-30,02713135;-51,22467464
157;2;7878168;R;;VOLUNTARIOS DA PATRIA;188;;x;;;M;100;L;-30,02712485;-51,22465021
158;3;7878119;R;;DR FLORES;22;;;;;M;100;L;-30,02732736;-51,22449017
159;3;7878143;R;;SENHOR DOS PASSOS;52;;;;;M;100;L;-30,02760322;-51,22394147
160;3;7878143;R;;SENHOR DOS PASSOS;98;;;;;M;100;L;-30,0280968;-51,22374737
161;3;7878119;R;;DR FLORES;130;;;;;M;100;L;-30,02818283;-51,22455748
162;3;7878119;R;;DR FLORES;62;;;;;M;100;L;-30,0276442;-51,2245151
163;3;7878101;R;;VIGARIO JOSE IGNACIO;215;Calcadao;x;;;M;100;R;-30,02737508;-51,22553228
164;3;7878101;R;;VIGARIO JOSE IGNACIO;285;Calcadao;x;;;M;100;R;-30,02827426;-51,22564833
165;2;7878127;AV;;OTAVIO ROCHA;148;;x;;;M;100;L;-30,02863615;-51,22509986
166;3;7878135;PCA;;OTAVIO ROCHA;59;;;;substituido - incendiado em 24 ou 25/07;M;100;R;-30,02876373;-51,22404467
167;3;7878119;R;;DR FLORES;189;Lado oposto 190;;;;M;100;R;-30,02882739;-51,224691
168;3;7878119;R;;DR FLORES;251;;;;Desloc para junto ao container do n.ï¿½ 301Taxistas;M;100;R;-30,02940751;-51,22473503
169;3;7878101;R;;VIGARIO JOSE IGNACIO;555;;;;;M;100;R;-30,03072689;-51,22588074
170;3;7878101;R;;VIGARIO JOSE IGNACIO;508;;x;;;M;100;L;-30,03013279;-51,22574536
171;3;7878101;R;;VIGARIO JOSE IGNACIO;494;;;;Alterado em 21/06/11 do numero 420 para 494 (PE);M;100;L;-30,02978519;-51,22571215
172;3;7878101;R;;VIGARIO JOSE IGNACIO;364;Necessidade placa PE;x;;Alterado em 21/06/11 da via para passeio (PE);M;100;L;-30,02887526;-51,2256229
173;3;7878085;R;;MARECHAL FLORIANO PEIXOTO;11;Sobre o calcadao;;;;M;100;R;-30,02865684;-51,22677835
174;3;7878085;R;;MARECHAL FLORIANO PEIXOTO;93;;x;;;U;0;;;
175;3;7677065;R;DOS;ANDRADAS;1438;Calcadao;x;;;M;100;L;-30,02981677;-51,22748787
176;2;7677065;R;DOS;ANDRADAS;1545;;x;;;M;100;R;-30,0298205;-51,2261238
177;3;7878119;R;;DR FLORES;301;;;;;U;0;;;
178;2;7677065;R;DOS;ANDRADAS;1727;;x;;;M;100;R;-30,02973359;-51,22423326
179;3;7878119;R;;DR FLORES;335;;;;;M;100;R;-30,03024992;-51,22479706
180;3;7877079;R;;GEN VITORINO;229;;;x;;M;100;R;-30,03047657;-51,2244496
181;2;7877053;AV;;SENADOR SALGADO FILHO;262;;x;;;M;100;L;-30,03096268;-51,22487605
182;3;7877079;R;;GEN VITORINO;141;;;x;;M;100;R;-30,0304128;-51,22534015
183;3;7877079;R;;GEN VITORINO;49;;;x;;M;100;R;-30,03034394;-51,22629109
184;3;7878085;R;;MARECHAL FLORIANO PEIXOTO;155;Lado oposto 154;;;;M;100;R;-30,03015295;-51,22689209
185;3;7878085;R;;MARECHAL FLORIANO PEIXOTO;218;Ao lado 212;;x;;M;100;L;-30,03068608;-51,22684799
186;3;7877053;AV;;SENADOR SALGADO FILHO;350;;x;;;M;100;L;-30,03099465;-51,22408242
187;3;7877053;AV;;SENADOR SALGADO FILHO;327;;x;;;M;100;R;-30,03107308;-51,22446618
188;3;7878119;R;;DR FLORES;451;Lado oposto 450;;;;M;100;R;-30,03115024;-51,22485542
189;2;7877053;AV;;SENADOR SALGADO FILHO;201;;x;;;M;100;R;-30,03096802;-51,22583309
190;3;7877053;AV;;SENADOR SALGADO FILHO;141;;x;;;M;100;R;-30,03093162;-51,22637131
191;3;7877053;AV;;SENADOR SALGADO FILHO;49;;x;;;M;100;R;-30,03086244;-51,22725134
192;2;7778145;AV;;BORGES DE MEDEIROS;464;;x;;;M;100;L;-30,03075195;-51,22771442
193;3;7778145;AV;;BORGES DE MEDEIROS;459;;x;;;M;100;R;-30,03057314;-51,22781771
194;2;7777188;R;;GEN ANDRADE NEVES;175;;x;;;M;100;R;-30,03077311;-51,22804549
195;3;7777188;R;;GEN ANDRADE NEVES;65;Ao lado 59;;;;M;100;R;-30,03060569;-51,2292607
196;2;7777188;R;;GEN ANDRADE NEVES;9;;x;;;M;100;R;-30,03052241;-51,22986694
197;2;7778079;R;;GEN CAMARA;404;;;;;M;100;L;-30,03100865;-51,22998703
198;2;7778079;R;;GEN CAMARA;456;Lado oposto 455;;;;M;100;L;-30,03151932;-51,23002044
199;3;7677057;R;;RIACHUELO;1110;;;;;M;100;L;-30,03155354;-51,23039048
200;2;7778020;R;;CALDAS JUNIOR;352;;;;;M;100;L;-30,03136032;-51,23152807
201;2;7677057;R;;RIACHUELO;990;;;;;M;100;L;-30,03182789;-51,23147126
202;3;7777147;LG;;JOAO AMORIM DE ALBUQUERQUE;32;Estacion. obliquo;;x;;M;100;L;-30,03194273;-51,22952017
203;3;7677057;R;;RIACHUELO;1270;;;x;;M;100;L;-30,03152882;-51,22893437
204;2;7677057;R;;RIACHUELO;1318;;;x;;M;100;L;-30,03153234;-51,22823537
205;2;7778145;AV;;BORGES DE MEDEIROS;536;;x;;;M;100;L;-30,03116055;-51,22772664
206;3;7878085;R;;MARECHAL FLORIANO PEIXOTO;345;Lado oposto 344;;;;M;100;R;-30,03201355;-51,22704905
207;3;7878101;R;;VIGARIO JOSE IGNACIO;638;Lado oposto 637;;;;M;100;L;-30,03146426;-51,22586744
208;3;7878101;R;;VIGARIO JOSE IGNACIO;710;Ao lado 700;;;;M;100;L;-30,03192008;-51,22591244
209;3;7878119;R;;DR FLORES;479;Lado oposto 478;;;;M;100;R;-30,03146225;-51,22488455
210;3;7877020;PCA;;CONDE DE PORTO ALEGRE;20;Lado oposto 15;;;;M;100;L;-30,03180085;-51,22482212
211;2;7777097;PCA;;MARECHAL DEODORO;121;Pca Matriz, estac. Obliquo;;x;;M;100;R;-30,03280225;-51,23070313
212;3;7777147;LG;;JOAO AMORIM DE ALBUQUERQUE;72;Estacion. obliquo;;x;;M;100;L;-30,03241804;-51,22955767
213;2;7777121;R;;JERONIMO COELHO;48;Ao lado 46;;x;;M;100;L;-30,03243765;-51,22891055
214;3;7777121;R;;JERONIMO COELHO;102;;;x;;M;100;L;-30,03247746;-51,22815429
215;3;7778145;AV;;BORGES DE MEDEIROS;627;Ao lado 617;x;;;M;100;R;-30,03200942;-51,22786101
216;2;7778145;AV;;BORGES DE MEDEIROS;612;;x;;;M;100;L;-30,03192824;-51,22777134
217;2;7778145;AV;;BORGES DE MEDEIROS;730;apos loja 16A, sob viaduto;;x;;M;100;L;-30,03300535;-51,22785162
218;2;7778145;AV;;BORGES DE MEDEIROS;731;apos loja 13A, sob viaduto;;;;M;100;R;-30,0329799;-51,22793299
219;3;7878085;R;;MARECHAL FLORIANO PEIXOTO;385;;;;Deslocado para o n.ï¿½ ? - Estava em vaga de defici;M;100;R;-30,03244596;-51,22708841
220;3;7878085;R;;MARECHAL FLORIANO PEIXOTO;427;;;;;M;100;R;-30,03271238;-51,2271116
221;2;7777121;R;;JERONIMO COELHO;295;;;;;M;100;R;-30,03262169;-51,22640904
222;2;7777121;R;;JERONIMO COELHO;363;;;;;M;100;R;-30,03265083;-51,22562518
223;3;7677040;R;;DUQUE DE CAXIAS;1641;;;;;M;100;R;-30,03259365;-51,22506083
224;3;7677040;R;;DUQUE DE CAXIAS;1743;;;;;M;100;R;-30,03230391;-51,22472531
225;3;7677040;R;;DUQUE DE CAXIAS;1583;;;;;M;100;R;-30,0331431;-51,22575568
226;3;7677040;R;;DUQUE DE CAXIAS;1515;;;;;M;100;R;-30,0334314;-51,22620504
227;3;7677040;R;;DUQUE DE CAXIAS;1443;;x;;;M;100;R;-30,03365656;-51,22687207
228;2;7878085;R;;MARECHAL FLORIANO PEIXOTO;521;;;;;M;100;R;-30,03374087;-51,2271983
229;2;7878085;R;;MARECHAL FLORIANO PEIXOTO;611;;;;;M;100;R;-30,03454317;-51,22726865
230;3;7677040;R;;DUQUE DE CAXIAS;1379;;;;;M;100;R;-30,03371369;-51,22757931
231;3;7677040;R;;DUQUE DE CAXIAS;1261;Lado oposto 1262;;x;;M;100;R;-30,03361302;-51,22876399
232;3;7677040;R;;DUQUE DE CAXIAS;1205;;;x;;M;100;R;-30,03355647;-51,22942595
233;2;7777097;PCA;;MARECHAL DEODORO;185;Lado oposto 174;;;;U;0;;;
234;2;7777105;R;;ESPIRITO SANTO;61;Lado oposto 60;;;;M;100;R;-30,03409716;-51,22979052
235;2;7677040;R;;DUQUE DE CAXIAS;1005;;;;;M;100;R;-30,03338526;-51,23157871
236;3;7677040;R;;DUQUE DE CAXIAS;925;;;;;M;100;R;-30,03333095;-51,23242287
237;2;7777113;R;;GEN AUTO;69;Lado oposto 68;;;;M;100;R;-30,0340579;-51,23170018
238;2;7777113;R;;GEN AUTO;157;;;;;M;100;R;-30,03492336;-51,23177502
239;2;7777113;R;;GEN AUTO;224;;;;;M;100;L;-30,03545587;-51,23173899
240;2;7777196;R;;CEL FERNANDO MACHADO;632;Lado oposto 631;;;;M;100;L;-30,03506134;-51,23145706
241;3;7777196;R;;CEL FERNANDO MACHADO;762;Lado oposto 761;;;;M;100;L;-30,03500996;-51,22999885
242;2;7777105;R;;ESPIRITO SANTO;219;;;;;M;100;R;-30,0355006;-51,22994815
243;2;7777196;R;;CEL FERNANDO MACHADO;808;;;;;M;100;L;-30,0349922;-51,22955332
244;3;7777196;R;;CEL FERNANDO MACHADO;920;Lado oposto 919, est. Obliquo;;;;M;100;L;-30,03494467;-51,22842003
245;2;7778145;AV;;BORGES DE MEDEIROS;901;Loja 21, sob viaduto;;x;;M;100;R;-30,03448617;-51,22803635
246;2;7778145;AV;;BORGES DE MEDEIROS;902;Loja 22, sob viaduto;;x;;M;100;L;-30,03456018;-51,22795842
247;3;7778145;AV;;BORGES DE MEDEIROS;992;;;x;;M;100;L;-30,03534479;-51,22800797
248;3;7778145;AV;;BORGES DE MEDEIROS;993;;;x;;M;100;R;-30,0353556;-51,22809161
249;3;7777196;R;;CEL FERNANDO MACHADO;1008;;x;;;M;100;L;-30,03490871;-51,2275508
250;2;7878085;R;;MARECHAL FLORIANO PEIXOTO;721;;;;;M;100;R;-30,03535349;-51,22733451
251;2;7777196;R;;CEL FERNANDO MACHADO;1172;;;;;M;100;L;-30,03488299;-51,22694559
252;2;7777220;R;;CEL GENUINO;38;Lado oposto 37;;;;M;100;L;-30,03440466;-51,22601423
253;2;7777220;R;;CEL GENUINO;164;;;x;;M;100;L;-30,03541371;-51,22680437
254;3;7877228;R;;GEN LIMA E SILVA;120;;;;;M;100;L;-30,03535122;-51,22526941
255;2;7877228;R;;GEN LIMA E SILVA;80;;;;;M;100;L;-30,03498469;-51,22571456
256;3;7877129;AV;;DESEMBARGADOR ANDRE DA ROCHA;291;;;;;M;100;R;-30,03459888;-51,22548291
257;2;7877129;AV;;DESEMBARGADOR ANDRE DA ROCHA;258;;;;;M;100;L;-30,03431281;-51,22511982
258;3;7877129;AV;;DESEMBARGADOR ANDRE DA ROCHA;187;;;;;M;100;R;-30,03383506;-51,22479015
259;3;7877129;AV;;DESEMBARGADOR ANDRE DA ROCHA;99;;;;;M;100;R;-30,03304871;-51,22384013
260;3;7877129;AV;;DESEMBARGADOR ANDRE DA ROCHA;70;;;;;M;100;L;-30,0331359;-51,22382597
261;2;7877129;AV;;DESEMBARGADOR ANDRE DA ROCHA;168;;;;;M;100;L;-30,0336875;-51,22449364
262;2;7877103;R;;VINTE QUATRO DE MAIO;171;;;;;M;100;R;-30,03420681;-51,22440503
263;3;7877160;R;;AVAI;219;Estacion. obliquo;;;;M;100;R;-30,03548215;-51,22439916
264;2;7878168;R;;VOLUNTARIOS DA PATRIA;1486;Lado oposto 1485;x;;;M;100;L;-30,02107695;-51,2150044
265;2;7878168;R;;VOLUNTARIOS DA PATRIA;1370;;x;;;M;100;L;-30,02191477;-51,21544366
266;2;7978026;R;;COMENDADOR CORUJA;10;esq. Voluntarios;;;;M;100;L;-30,02273004;-51,21568169
267;2;7878168;R;;VOLUNTARIOS DA PATRIA;1180;Lado oposto 1185;x;;;M;100;L;-30,02337303;-51,216318
268;2;7878168;R;;VOLUNTARIOS DA PATRIA;1145;;x;;;M;100;R;-30,02368947;-51,21644124
269;2;7878291;R;;ERNESTO ALVES;47;;x;;;M;100;R;-30,02393655;-51,21598513
270;2;7878291;R;;ERNESTO ALVES;145;;x;;;M;100;R;-30,02470337;-51,21517993
271;2;7878267;AV;;FARRAPOS;440;frente ao posto de combust.;x;;;M;100;L;-30,02506916;-51,21517864
272;2;7878309;R;;GARIBALDI;520;Lado oposto 521;x;;;M;100;L;-30,02556964;-51,21646237
273;2;7878309;R;;GARIBALDI;436;;x;;;M;100;L;-30,02535249;-51,21685706
274;2;7878168;R;;VOLUNTARIOS DA PATRIA;978;Lado oposto 981;x;;;M;100;L;-30,02493741;-51,21741825
275;2;7878168;R;;VOLUNTARIOS DA PATRIA;1046;;x;;;M;100;L;-30,02434978;-51,21700401
276;3;7878176;LG;;VESPASIANO JULIO VEPPO;101;;x;;;M;100;R;-30,02380203;-51,218935
277;2;7878176;LG;;VESPASIANO JULIO VEPPO;111;esq. Com. alvaro Guaspari;x;;;M;100;R;-30,02374275;-51,21886392
278;2;7878259;R;DA;CONCEICAO;2;Sob o relogio;x;;;M;100;L;-30,02313472;-51,22108663
279;2;7878259;R;DA;CONCEICAO;127;frente a passarela;x;;;M;100;R;-30,02483793;-51,22007622
280;2;7878259;R;DA;CONCEICAO;35;entra. estac. Junto ao canteiro;;;;M;100;R;-30,02340343;-51,22074831
281;2;7878200;R;;CEL VICENTE;55;"Esq. Julio de Castilhos, ""ilha""";;;"Mantido em 21/06/11 e ""PE"" mas esta em uma ilha """;M;100;R;-30,02407033;-51,22182766
282;2;7878200;R;;CEL VICENTE  (Suprimido);15;Esq. Maua, PPE*;;;Suprimido em 21/06/11;M;100;R;-30,02376441;-51,22193097
283;2;7878226;R;;CARLOS CHAGAS;40;Lado oposto 55;x;;;U;0;;;
284;2;7878218;R;;CHAVES BARCELOS;10;esq. Maua;;;;M;100;L;-30,02459819;-51,22347376
285;2;7878218;R;;CHAVES BARCELOS;38;esq. Julio de castillhos;;;;M;100;L;-30,02516176;-51,22326835
286;3;7778129;AV;;JULIO DE CASTILHOS;349;;x;;;M;100;R;-30,0252366;-51,22330856
287;3;7778129;AV;;JULIO DE CASTILHOS;435;;;;;M;100;R;-30,02503481;-51,22290577
288;3;7778129;AV;;JULIO DE CASTILHOS;505;;;;;M;100;R;-30,02458811;-51,22197688
289;3;7778129;AV;;JULIO DE CASTILHOS;585;;;;;M;100;R;-30,02422642;-51,22123852
290;2;7878200;R;;CEL VICENTE;188;Canteiro central;x;;;M;100;L;-30,02510044;-51,22140313
291;2;7878242;R;;COMENDADOR MANOEL PEREIRA;167;;x;;;M;100;R;-30,02585801;-51,22088974
292;3;7878168;R;;VOLUNTARIOS DA PATRIA;633;;x;;;M;100;R;-30,02665039;-51,22025075
293;3;7878200;R;;CEL VICENTE;345;esq. Voluntarios;x;;;M;100;R;-30,02654073;-51,22102744
294;2;7878242;R;;COMENDADOR MANOEL PEREIRA;55;;x;;;M;100;R;-30,02611398;-51,22192756
295;2;7878218;R;;CHAVES BARCELOS;204;Lado oposto 203;x;;;U;0;;;
296;3;7878168;R;;VOLUNTARIOS DA PATRIA;364;Lado oposto loja torra-torra;x;;;M;100;L;-30,02667299;-51,22294029
297;3;7878168;R;;VOLUNTARIOS DA PATRIA;436;;x;;;M;100;L;-30,02659946;-51,22231869
298;3;7878192;R;;PINTO BANDEIRA;322;;;;;M;100;L;-30,02718088;-51,22242757
299;3;7878192;R;;PINTO BANDEIRA;376;;;x;;M;100;L;-30,02783471;-51,22238205
300;3;7878275;AV;;ALBERTO BINS;410;;;x;;M;100;L;-30,02808217;-51,22244068
301;3;7878275;AV;;ALBERTO BINS;348;;;;;M;100;L;-30,02812888;-51,22317472
302;3;7878275;AV;;ALBERTO BINS;460;;;;;M;100;L;-30,02806159;-51,22206075
303;3;7878275;AV;;ALBERTO BINS;554;;;;;M;100;L;-30,02800224;-51,22094596
304;3;7878200;R;;CEL VICENTE;451;;;;;M;100;R;-30,02781752;-51,22095566
305;3;7878200;R;;CEL VICENTE;381;Lado oposto 382;;;;M;100;R;-30,02689484;-51,22099024
306;3;7878168;R;;VOLUNTARIOS DA PATRIA;607;;x;;;M;100;R;-30,02665299;-51,22052499
307;3;7878275;AV;;ALBERTO BINS;710;sob elevada;;;;U;0;;;
308;2;7878275;AV;;ALBERTO BINS;680;Lado oposto entr. Capatazia;;;;U;0;;;
309;3;7878275;AV;;ALBERTO BINS;600;;;x;;M;100;L;-30,02797478;-51,22043521
310;3;7878275;AV;;ALBERTO BINS;681;Na capatazia DMLU;x;;;M;100;R;-30,02801482;-51,21983536
311;3;7878275;AV;;ALBERTO BINS;683;Na capatazia DMLU;x;;;M;100;R;-30,02801389;-51,21981804
312;3;7878275;AV;;ALBERTO BINS;792;;;x;;M;100;L;-30,02786135;-51,21852402
313;3;7878275;AV;;ALBERTO BINS;882;;;;;M;100;L;-30,02779429;-51,21762717
314;2;7878283;R;;DR BARROS CASSAL;221;;x;;;M;100;R;-30,02772236;-51,21731716
315;2;7878267;AV;;FARRAPOS;187;;x;;Alt. em 21/06/11 via para passeio (PE) desloc 4m;M;100;R;-30,02659274;-51,21734924
316;2;7878283;R;;DR BARROS CASSAL;12;;x;;;M;100;L;-30,02572248;-51,21791943
317;2;7878168;R;;VOLUNTARIOS DA PATRIA;799;Lado oposto 789;x;;;M;100;R;-30,02627981;-51,21893333
318;2;7878259;R;DA;CONCEICAO;376;;x;;;M;100;L;-30,02712581;-51,2197404
319;2;7878267;AV;;FARRAPOS (Suprimido);93;;;;Suprimido em 21/06/11;M;100;R;-30,02662878;-51,21837476
320;2;7878267;AV;;FARRAPOS;104;;;;Alterado em 21/06/11. Era PE mas atualmente e E p;M;100;L;-30,02655207;-51,21824719
321;2;7878267;AV;;FARRAPOS;146;;;;;M;100;L;-30,02653597;-51,21778898
322;3;7878267;AV;;FARRAPOS;312;;;;;M;100;L;-30,02621801;-51,21679205
323;2;7878267;AV;;FARRAPOS;265;frente ao posto de combust.;x;;;M;100;R;-30,02631919;-51,21681376
324;2;7878267;AV;;FARRAPOS;361;frente ao posto de combust.;x;;;M;100;R;-30,02559262;-51,21571135
325;2;7878267;AV;;FARRAPOS;491;;x;;;M;100;R;-30,02522046;-51,21524111
326;2;7978042;R;;SANTO ANTONIO;73;;;;;M;100;R;-30,02602501;-51,21501834
327;3;7978018;AV;;CRISTOVAO COLOMBO;274;;;;;M;100;L;-30,02698236;-51,21482945
328;2;7878309;R;;GARIBALDI;670;Lado oposto 659;x;;;M;100;L;-30,02652104;-51,21560116
329;2;7978018;AV;;CRISTOVAO COLOMBO;200;;x;;;M;100;L;-30,02743471;-51,21539244
330;2;7878275;AV;;ALBERTO BINS;998;;;;;M;100;L;-30,0277051;-51,21638599
331;2;7878283;R;;DR BARROS CASSAL;315;;x;;;M;100;R;-30,02836614;-51,21731822
332;2;7978018;AV;;CRISTOVAO COLOMBO;50;;;;;M;100;L;-30,02830071;-51,21681842
333;2;7878309;R;;GARIBALDI;788;;x;;;M;100;L;-30,02752865;-51,21507893
334;3;7878309;R;;GARIBALDI;880;;x;;;M;100;L;-30,02847207;-51,21505109
335;2;7877376;AV;;INDEPENDENCIA;592;;x;;;M;100;L;-30,0292988;-51,21521907
336;2;7877376;AV;;INDEPENDENCIA;498;;x;;;M;100;L;-30,02929086;-51,21631997
337;2;7877376;AV;;INDEPENDENCIA;392;;x;;;M;100;L;-30,02935149;-51,21749586
338;2;7877376;AV;;INDEPENDENCIA;270;;x;;;M;100;L;-30,02943295;-51,2189108
339;2;7877376;AV;;INDEPENDENCIA;200;sobre o tunel;x;;;U;0;;;
340;2;7877376;AV;;INDEPENDENCIA;98;;x;;;M;100;L;-30,02950971;-51,22066135
341;3;7878200;R;;CEL VICENTE;573;;;x;;M;100;R;-30,02882816;-51,22091516
342;2;7878200;R;;CEL VICENTE;515;;;x;;M;100;R;-30,02820449;-51,2209406
343;2;7878192;R;;PINTO BANDEIRA;472;Lado oposto 471;x;;;M;100;L;-30,02854255;-51,22233209
344;2;7878192;R;;PINTO BANDEIRA;540;Lado oposto 535;x;;;M;100;L;-30,02912079;-51,22229091
345;2;7877376;AV;;INDEPENDENCIA;20;Ao lado do 30;x;;;M;100;L;-30,02955257;-51,22150133
346;2;7877319;PCA;;DOM FELICIANO;38;Lado oposto 39;x;;;M;100;L;-30,02998879;-51,22313714
347;2;7877061;R;;PROF ANNES DIAS;108;;x;;;M;100;L;-30,03061479;-51,22337668
348;3;7878143;R;;SENHOR DOS PASSOS;251;;;;Container substituido - incendiado em 24 ou 25/07;M;100;R;-30,02952289;-51,22331818
349;3;7877376;AV;;INDEPENDENCIA;363;;x;;;M;100;R;-30,02943406;-51,21767233
350;3;7877376;AV;;INDEPENDENCIA;489;;x;;;M;100;R;-30,029366;-51,21637684
351;3;7977036;R;;TOMAZ FLORES;50;;;;;M;100;L;-30,02980835;-51,21588256
352;3;7878309;R;;GARIBALDI;1080;;x;;;M;100;L;-30,03020085;-51,21508688
353;2;7877368;R;;IRMAO JOSE OTAO;356;Lado oposto 355;;;;M;100;L;-30,0310055;-51,21508842
354;2;7878309;R;;GARIBALDI;1200;Ao lado do 1212;x;;;U;0;;;
355;2;7977036;R;;TOMAZ FLORES;192;;;;;M;100;L;-30,03107099;-51,21597393
356;2;7877368;R;;IRMAO JOSE OTAO;296;frente ao estacionamento;;;;M;100;L;-30,03087199;-51,2156511
357;2;7977036;R;;TOMAZ FLORES;92;;;;;M;100;L;-30,03021322;-51,21591154
358;2;7877368;R;;IRMAO JOSE OTAO;180;;;;;M;100;L;-30,03063897;-51,21669369
359;3;7878283;R;;DR BARROS CASSAL;607;;;;;M;100;R;-30,03101732;-51,2173221
360;2;7877368;R;;IRMAO JOSE OTAO;100;Lado oposto estacionamento;;;;M;100;L;-30,03047735;-51,2173994
361;2;7878283;R;;DR BARROS CASSAL;505;;x;;;M;100;R;-30,02990255;-51,21732429
362;3;7877079;R;;GEN VITORINO;305;;;x;;M;100;R;-30,03053943;-51,22355536
363;3;7877319;PCA;;DOM FELICIANO;16;Lado oposto 17;x;;;M;100;L;-30,03024488;-51,22307587
364;2;7878267;AV;;FARRAPOS;558;;x;;;M;100;L;-30,02464264;-51,21471296
365;2;7878267;AV;;FARRAPOS;654;;x;;;M;100;L;-30,0239683;-51,21404137
366;2;7978026;R;;COMENDADOR CORUJA;131;;;;;M;100;R;-30,02346129;-51,21453528
367;2;7878267;AV;;FARRAPOS;720;ao Lado 732, Lado oposto Hyundai;x;;;M;100;L;-30,02366935;-51,21374672
368;2;7978034;R;;PELOTAS;215;;;;;M;100;R;-30,02290604;-51,21306854
369;2;7878267;AV;;FARRAPOS;858;frente ao posto de combust.;x;;;M;100;L;-30,02251285;-51,21260732
370;3;7978125;R;;RAMIRO BARCELOS;256;;;;;M;100;L;-30,02221872;-51,21229457
371;3;7978125;R;;RAMIRO BARCELOS;196;;;;;M;100;L;-30,02179596;-51,21278932
372;3;7978125;R;;RAMIRO BARCELOS;44;;x;;;M;100;L;-30,02080878;-51,21423368
373;3;7978125;R;;RAMIRO BARCELOS;344;;x;;;M;100;L;-30,02244022;-51,21205218
374;3;7978125;R;;RAMIRO BARCELOS;312;Lado oposto 311;x;;Alt. em 21/06/11 da Farrapos nro 859 para R. Barc;U;0;;;
375;2;7978034;R;;PELOTAS;349;;;;;M;100;R;-30,0237375;-51,21216845
376;2;7978034;R;;PELOTAS;279;;x;;Alterado em 21/06/11 da Farrapos numero 765 para;M;100;R;-30,02311556;-51,21284518
377;2;7878267;AV;;FARRAPOS;661;;x;;;M;100;R;-30,0240781;-51,21404098
378;2;7978026;R;;COMENDADOR CORUJA;276;;;;;M;100;L;-30,02409526;-51,21369742
379;2;7878267;AV;;FARRAPOS;665;;x;;;M;100;R;-30,02404819;-51,2140112
380;2;7878291;R;;ERNESTO ALVES;239;;;;;M;100;R;-30,0251314;-51,21473093
381;2;7878291;R;;ERNESTO ALVES;313;;;;;M;100;R;-30,02571561;-51,21411878
382;2;7978018;AV;;CRISTOVAO COLOMBO;356;;x;;;M;100;L;-30,02661933;-51,21432651
383;2;7978042;R;;SANTO ANTONIO;215;Lado oposto 214;x;;;M;100;R;-30,02696813;-51,21451345
384;2;7978018;AV;;CRISTOVAO COLOMBO;351;;x;;;M;100;R;-30,02665034;-51,21423515
385;2;7978018;AV;;CRISTOVAO COLOMBO;394;;x;;;M;100;L;-30,02628897;-51,21381236
386;2;7978018;AV;;CRISTOVAO COLOMBO;462;;x;;;M;100;L;-30,02594955;-51,21328996
387;3;7978026;R;;COMENDADOR CORUJA;420;;;;;M;100;L;-30,02466696;-51,21306247
388;2;7978018;AV;;CRISTOVAO COLOMBO;616;;x;;;M;100;L;-30,02498715;-51,21180899
389;3;7978034;R;;PELOTAS;445;;;;;M;100;R;-30,02433288;-51,21150455
390;2;7978034;R;;PELOTAS;411;;;;;M;100;R;-30,02412202;-51,21173968
391;2;7978018;AV;;CRISTOVAO COLOMBO;772;;x;;;M;100;L;-30,02410003;-51,21069619
392;3;7978125;R;;RAMIRO BARCELOS;484;;;;;M;100;L;-30,02369202;-51,21066083
393;3;7978018;AV;;CRISTOVAO COLOMBO;791;Lado oposto 786;x;;;U;0;;;
394;2;7978125;R;;RAMIRO BARCELOS;606;Lado oposto 605;x;;;M;100;L;-30,02434864;-51,21022963
395;2;7978125;R;;RAMIRO BARCELOS;748;;x;;;M;100;L;-30,02568809;-51,20969504
396;2;7978125;R;;RAMIRO BARCELOS;816;;x;;;M;100;L;-30,02609785;-51,20953513
397;2;7978125;R;;RAMIRO BARCELOS;910;frente ao Hospital;x;;;M;100;L;-30,02707089;-51,20915662
398;2;7978125;R;;RAMIRO BARCELOS;966;Lado oposto 965;;;;M;100;L;-30,02764921;-51,20893562
399;2;7978125;R;;RAMIRO BARCELOS;1042;;x;;;M;100;L;-30,0283368;-51,20868666
400;2;7978125;R;;RAMIRO BARCELOS;1090;;x;;;M;100;L;-30,02870339;-51,20856096
401;3;7978083;R;;ANDRE PUENTE;460;;;;;M;100;L;-30,02799829;-51,20911274
402;3;7978083;R;;ANDRE PUENTE;382;;;;;M;100;L;-30,02812215;-51,21002793
403;3;7978117;R;;PINHEIRO MACHADO;243;;;;;M;100;R;-30,02869576;-51,21077981
404;3;7978083;R;;ANDRE PUENTE;266;;;;;M;100;L;-30,0282704;-51,21112211
405;2;7978117;R;;PINHEIRO MACHADO;260;Lado oposto 159;;;;M;100;L;-30,02879005;-51,21067721
406;3;7978109;R;;GONCALO DE CARVALHO;402;;;;;M;100;L;-30,02702393;-51,21011102
407;3;7978067;R;;TIRADENTES;143;Lado oposto 142;;;;U;0;;;
408;2;7978067;R;;TIRADENTES;19;;;;;M;100;R;-30,0261959;-51,2109266
409;2;7978117;R;;PINHEIRO MACHADO;40;;;;;M;100;L;-30,02698982;-51,21099756
410;3;7978109;R;;GONCALO DE CARVALHO;270;Lado oposto 271;;;;M;100;L;-30,02728664;-51,2112416
411;3;7978109;R;;GONCALO DE CARVALHO;210;Lado oposto 209;;;;M;100;L;-30,02737073;-51,21160032
412;3;7978109;R;;GONCALO DE CARVALHO;120;Lado oposto 119;;;;M;100;L;-30,02749687;-51,21213842
413;3;7978109;R;;GONCALO DE CARVALHO;22;;;;;M;100;L;-30,02781597;-51,21353933
414;3;7978042;R;;SANTO ANTONIO;325;;;;;M;100;R;-30,02796551;-51,2142752
415;2;7978042;R;;SANTO ANTONIO;421;;x;;;M;100;R;-30,02908074;-51,21400434
416;3;7978083;R;;ANDRE PUENTE;12;;;;;M;100;L;-30,0286598;-51,21390523
417;2;7978083;R;;ANDRE PUENTE;136;;;;;M;100;L;-30,02846098;-51,21251607
418;3;7978083;R;;ANDRE PUENTE;200;;;;;M;100;L;-30,028385;-51,21196524
419;2;7978091;R;;BENJAMIM FLORES;38;Lado oposto 37;;;;M;100;L;-30,02795422;-51,21244826
420;3;7877376;AV;;INDEPENDENCIA;1138;;x;;;M;100;L;-30,0290639;-51,20953092
421;3;7877376;AV;;INDEPENDENCIA;1060;esq. Pinheiro Machado;x;;;M;100;L;-30,02919877;-51,21054599
422;2;7877376;AV;;INDEPENDENCIA;986;;x;;;M;100;L;-30,02927004;-51,21104606
423;2;7877376;AV;;INDEPENDENCIA;900;;x;;;M;100;L;-30,02939484;-51,21201851
424;3;7877376;AV;;INDEPENDENCIA;802;;x;;;M;100;L;-30,02937004;-51,21315734
425;3;7877376;AV;;INDEPENDENCIA;680;;x;;;M;100;L;-30,0293272;-51,21447515
426;2;7877376;AV;;INDEPENDENCIA;655;Lado oposto 654;x;;;M;100;R;-30,0293877;-51,21479582
427;2;7877376;AV;;INDEPENDENCIA;715;;x;;Alterado em 21/06/11 da Santo Antonio nro 505 par;M;100;R;-30,02940836;-51,21423135
428;3;7877376;AV;;INDEPENDENCIA;779;;;;;M;100;R;-30,02943275;-51,21347768
429;2;7877376;AV;;INDEPENDENCIA;901;;x;;;M;100;R;-30,02946425;-51,21192653
430;2;7977051;R;;GEN JOAO TELLES;20;;;;;M;100;L;-30,02967155;-51,21192604
431;2;7977085;R;;FERNANDES VIEIRA;77;;;;;M;100;R;-30,02976602;-51,21080957
432;2;7877376;AV;;INDEPENDENCIA;1093;;x;;;M;100;R;-30,02920011;-51,21000161
433;2;7977093;R;;FELIPE CAMARAO;48;;;;;M;100;L;-30,02968485;-51,20980074
434;2;7877376;AV;;INDEPENDENCIA;1181;Lado oposto 1182;x;;;M;100;R;-30,02906725;-51,20901428
435;2;7978125;R;;RAMIRO BARCELOS;1176;;x;;;M;100;L;-30,02906566;-51,20848583
436;2;7978125;R;;RAMIRO BARCELOS;1212;Lado oposto 1213;x;;;M;100;L;-30,02954542;-51,20846801
437;3;7978125;R;;RAMIRO BARCELOS;1314;;;;;M;100;L;-30,03026494;-51,20844703
438;2;7978125;R;;RAMIRO BARCELOS;1410;;;;;M;100;L;-30,03110194;-51,20843411
439;2;7978125;R;;RAMIRO BARCELOS;1508;;;;;M;100;L;-30,03218848;-51,20840645
440;2;7977150;R;;VASCO DA GAMA;270;;;;;M;100;L;-30,03177809;-51,20972581
441;2;7977093;R;;FELIPE CAMARAO;224;;;;;M;100;L;-30,03135035;-51,209758
442;2;7977093;R;;FELIPE CAMARAO;140;;;;;M;100;L;-30,03052983;-51,20977113
443;2;7977135;R;;CASTRO ALVES;141;;;;;M;100;R;-30,03028649;-51,20913627
444;3;7977135;R;;CASTRO ALVES;38;;;;;M;100;L;-30,03022127;-51,21010164
445;3;7977085;R;;FERNANDES VIEIRA;101;;;;;M;100;R;-30,02991717;-51,2108178
446;3;7977085;R;;FERNANDES VIEIRA;181;;;;;M;100;R;-30,03066665;-51,21085667
447;2;7977150;R;;VASCO DA GAMA;196;;;x;;M;100;L;-30,0317615;-51,21025551
448;2;7977093;R;;FELIPE CAMARAO;312;;;;;M;100;L;-30,03192963;-51,20974891
449;2;7977085;R;;FERNANDES VIEIRA;287;Lado oposto 286;x;;;U;0;;;
450;2;7977150;R;;VASCO DA GAMA;84;;;x;;M;100;L;-30,03170917;-51,21145264
451;2;7977150;R;;VASCO DA GAMA;38;;;x;;M;100;L;-30,03169;-51,21193698
452;2;7977051;R;;GEN JOAO TELLES;280;;x;;;M;100;L;-30,03195608;-51,21236082
453;3;7977051;R;;GEN JOAO TELLES;204;;;;;M;100;L;-30,03151792;-51,21227662
454;2;7977051;R;;GEN JOAO TELLES;120;;;;;M;100;L;-30,03067501;-51,21211657
455;2;7877368;R;;IRMAO JOSE OTAO;582;;;;;M;100;L;-30,03166271;-51,21246845
456;2;7877368;R;;IRMAO JOSE OTAO;500;Ao lado da Brasil Telecom;;;;M;100;L;-30,03139608;-51,21350604
457;3;7877368;R;;IRMAO JOSE OTAO;390;;;;;M;100;L;-30,03109067;-51,21473241
458;2;7978042;R;;SANTO ANTONIO;611;;x;;;M;100;R;-30,03065373;-51,21415409
459;2;7978042;R;;SANTO ANTONIO;767;;;;;M;100;R;-30,03151418;-51,21427565
460;2;7978042;R;;SANTO ANTONIO;815;;;;;M;100;R;-30,03170264;-51,21430402
461;2;7978042;R;;SANTO ANTONIO;877;;;;;M;100;R;-30,03194607;-51,21434067
462;3;7877384;AV;;OSVALDO ARANHA;788;;;x;;M;100;L;-30,03393031;-51,21444071
463;3;7977077;AV;;CAUDURO;11;;;;;M;100;R;-30,03411367;-51,21380757
464;3;7977077;AV;;CAUDURO;97;;;;;M;100;R;-30,03322565;-51,21360996
465;3;7977077;AV;;CAUDURO;209;;;;;M;100;R;-30,0321917;-51,2132684
466;2;7977077;AV;;CAUDURO;289;Lado oposto 289;;;;U;0;;;
467;2;7977051;R;;GEN JOAO TELLES;369;;;;;M;100;R;-30,032941;-51,2126383
468;2;7977069;R;;HENRIQUE DIAS;20;;;;;M;100;L;-30,0330533;-51,2123159
469;2;7977069;R;;HENRIQUE DIAS;110;;;;;M;100;L;-30,03304388;-51,21097561
470;2;7977069;R;;HENRIQUE DIAS;170;;;;;U;0;;;
471;2;7977069;R;;HENRIQUE DIAS;236;;;;;M;100;L;-30,03303537;-51,21003012
472;2;7977093;R;;FELIPE CAMARAO;386;;;;;M;100;L;-30,03266158;-51,20973842
473;3;7977093;R;;FELIPE CAMARAO;500;;;x;;M;100;L;-30,03377932;-51,20972411
474;3;7977093;R;;FELIPE CAMARAO;584;;;x;;M;100;L;-30,03454044;-51,20971503
475;2;7977101;R;;BENTO FIGUEIREDO;71;;;x;;M;100;R;-30,03475821;-51,20881127
476;3;7977093;R;;FELIPE CAMARAO;672;;;x;;M;100;L;-30,03530118;-51,2097041
477;3;7977093;R;;FELIPE CAMARAO;736;;;;;M;100;L;-30,03597159;-51,20969412
478;3;7877384;AV;;OSVALDO ARANHA;1220;Frente ao Bco. Real;;;;M;100;L;-30,03609582;-51,21025987
479;2;7977085;R;;FERNANDES VIEIRA;641;;;;;M;100;R;-30,03507941;-51,21107656
480;2;7977085;R;;FERNANDES VIEIRA;583;;;;;M;100;R;-30,03455492;-51,21104978
481;3;7977085;R;;FERNANDES VIEIRA;483;;;x;;M;100;R;-30,03365062;-51,21100362
482;2;7977051;R;;GEN JOAO TELLES;461;;;;;M;100;R;-30,03385008;-51,21281882
483;2;7977051;R;;GEN JOAO TELLES;537;;;;;M;100;R;-30,03453719;-51,21295542
484;3;7877384;AV;;OSVALDO ARANHA;990;;;x;;M;100;L;-30,03486181;-51,21265202
485;3;7877384;AV;;OSVALDO ARANHA;1070;;;x;;M;100;L;-30,03528515;-51,21183095
486;3;7977267;MER;;MERCADO DO BOM FIM;0;Estacionamento obliquo;;x;;U;0;;;
487;2;7978125;R;;RAMIRO BARCELOS;1600;Lado oposto 1599;;;;U;0;;;
488;2;7978125;R;;RAMIRO BARCELOS;1700;;;;;M;100;L;-30,03377079;-51,20838093
489;2;7978125;R;;RAMIRO BARCELOS;1784;;;x;;M;100;L;-30,03467833;-51,20836942
490;2;7978125;R;;RAMIRO BARCELOS;1892;;x;;;M;100;L;-30,03568666;-51,20833655
491;2;7978125;R;;RAMIRO BARCELOS;1980;;;;;M;100;L;-30,03668645;-51,20829644
492;2;7877384;AV;;OSVALDO ARANHA;1418;;x;;;M;100;L;-30,03670555;-51,20909203
493;2;7976020;AV;;JOSE BONIFACIO;709;;;x;;M;100;R;-30,0366783;-51,21082499
494;3;7976020;AV;;JOSE BONIFACIO;655;;;x;;M;100;R;-30,03696204;-51,21131322
495;3;7976020;AV;;JOSE BONIFACIO;595;;;x;;M;100;R;-30,03717781;-51,21168154
496;3;7976020;AV;;JOSE BONIFACIO;541;;;;;M;100;R;-30,03752874;-51,21227532
497;3;7976020;AV;;JOSE BONIFACIO;485;;;;;M;100;R;-30,03789266;-51,21289109
498;2;7976020;AV;;JOSE BONIFACIO;415;Frente ao Colegio Militar;;;;M;100;R;-30,03819904;-51,21341902
499;2;7976020;AV;;JOSE BONIFACIO;315;Frente ao Colegio Militar;;;;M;100;R;-30,03866736;-51,21422704
500;2;7976202;R;;SANTANA;15;Ao lado da Vivo;x;;;M;100;R;-30,03895501;-51,2145085
501;2;7976202;R;;SANTANA;77;;x;;;M;100;R;-30,03952678;-51,21405526
502;2;7876071;AV;;VENANCIO AIRES;588;;;;;M;100;L;-30,04005665;-51,21452749
503;3;7876071;AV;;VENANCIO AIRES;569;;;;;M;100;R;-30,04016541;-51,21456587
504;2;7876071;AV;;VENANCIO AIRES;623;;;;;M;100;R;-30,03991145;-51,21412589
505;2;7976202;R;;SANTANA;158;;;;;M;100;L;-30,03994541;-51,21364132
506;2;7876071;AV;;VENANCIO AIRES;753;;x;;;M;100;R;-30,0393972;-51,21324463
507;2;7977200;R;;VIEIRA DE CASTRO;142;;;;;M;100;L;-30,03912134;-51,21199219
508;2;7977200;R;;VIEIRA DE CASTRO;180;Lado oposto 179;;;;M;100;L;-30,03942667;-51,2117569
509;2;7876071;AV;;VENANCIO AIRES;901;;x;;;M;100;R;-30,03851391;-51,21173944
510;2;7977200;R;;VIEIRA DE CASTRO;80;;;;;M;100;L;-30,0387319;-51,21229002
511;2;7977234;R;;SANTA TEREZINHA;70;;;x;;M;100;L;-30,03770191;-51,21100021
512;2;7977234;R;;SANTA TEREZINHA;122;Lado oposto 142;;x;;M;100;L;-30,0383175;-51,21103738
513;2;7977234;R;;SANTA TEREZINHA;232;;;;;M;100;L;-30,03915282;-51,21039467
514;2;7876071;AV;;VENANCIO AIRES;1001;;x;;;M;100;R;-30,03795909;-51,21079125
515;2;7876071;AV;;VENANCIO AIRES;1145;;x;;;M;100;R;-30,03723658;-51,20953472
516;2;7977184;R;;JACINTO GOMES;15;;;x;;M;100;R;-30,03763166;-51,20998485
517;2;7977184;R;;JACINTO GOMES;115;;;;;M;100;R;-30,03847384;-51,20949582
518;2;7977184;R;;JACINTO GOMES;185;;;;;M;100;R;-30,03912049;-51,20941807
519;2;7977192;R;;AUGUSTO PESTANA;226;;;;;M;100;L;-30,03932;-51,20877843
520;2;7977192;R;;AUGUSTO PESTANA;146;;;;;M;100;L;-30,03853115;-51,20886881
521;2;7977192;R;;AUGUSTO PESTANA;72;;;;;M;100;L;-30,0377427;-51,20900733
522;2;7876071;AV;;VENANCIO AIRES;1191;;x;;;M;100;R;-30,03707957;-51,2092837
523;3;7978125;R;;RAMIRO BARCELOS;2059;;;x;;M;100;R;-30,03700622;-51,20836666
524;3;7978125;R;;RAMIRO BARCELOS;2147;;;x;;M;100;R;-30,03822477;-51,20831724
525;3;7978125;R;;RAMIRO BARCELOS;2231;;;x;;M;100;R;-30,03890848;-51,20828474
526;2;7978125;R;;RAMIRO BARCELOS;2309;;x;;;M;100;R;-30,03936164;-51,20826316
527;2;7978125;R;;RAMIRO BARCELOS;2371;;;;;M;100;R;-30,04010158;-51,20822376
528;2;7978125;R;;RAMIRO BARCELOS;2471;;;;;M;100;R;-30,04109109;-51,20817075
529;2;7978125;R;;RAMIRO BARCELOS;2531;;;;;M;100;R;-30,04165888;-51,20814541
530;2;7976137;TRAV;;FERREIRA DE ABREU;129;;;;;M;100;R;-30,04141859;-51,20865794
531;2;7976137;TRAV;;FERREIRA DE ABREU;51;;;;;M;100;R;-30,04021445;-51,20877407
532;2;7976103;AV;;JERONIMO DE ORNELAS;670;;;;;M;100;L;-30,03999826;-51,20878614
533;2;7977184;R;;JACINTO GOMES;279;;;;;M;100;R;-30,04001077;-51,20931149
534;2;7977184;R;;JACINTO GOMES;365;;;;;M;100;R;-30,04081741;-51,2092168
535;2;7977184;R;;JACINTO GOMES;439;;;;;M;100;R;-30,04176032;-51,20910722
536;2;7976103;AV;;JERONIMO DE ORNELAS;539;;;;;M;100;R;-30,04067436;-51,2098031
537;2;7977234;R;;SANTA TEREZINHA;482;;;;;M;100;L;-30,04133885;-51,20992337
538;2;7977234;R;;SANTA TEREZINHA;366;;;;;M;100;L;-30,04043256;-51,21009683
539;2;7977234;R;;SANTA TEREZINHA;288;;;;;M;100;L;-30,03973107;-51,21024215
540;2;7977200;R;;VIEIRA DE CASTRO;366;;;;;M;100;L;-30,04100499;-51,2105257
541;2;7976178;R;;GEN JACINTO OSORIO;150;;;;;M;100;L;-30,04078097;-51,21080428
542;2;7976178;R;;GEN JACINTO OSORIO;24;;;;;M;100;L;-30,0415074;-51,21218332
543;2;7976103;AV;;JERONIMO DE ORNELAS;307;;;;;M;100;R;-30,04192101;-51,21192942
544;2;7976186;R;;ENG VESPUCIO DE ABREU;59;;;;;M;100;R;-30,04214978;-51,21067729
545;2;7976103;AV;;JERONIMO DE ORNELAS;399;;;;;M;100;R;-30,0414521;-51,21113024
546;2;7977200;R;;VIEIRA DE CASTRO;481;;;;;M;100;R;-30,04187625;-51,20990289
547;3;7977200;R;;VIEIRA DE CASTRO;280;;;;;M;100;L;-30,04029698;-51,2110774
548;2;7876089;R;;OLAVO BILAC;823;;;;;M;100;R;-30,03998803;-51,21182156
549;2;7976202;R;;SANTANA;242;;;;Alterado em 21/06/11 da Olavo Bilac numero 715 pa;M;100;L;-30,04074258;-51,21306869
550;2;7976202;R;;SANTANA;292;;;;;M;100;L;-30,04120266;-51,21274141
551;2;7976202;R;;SANTANA;315;;;;;M;100;R;-30,04180064;-51,21241369
552;2;7976202;R;;SANTANA;215;;x;;;M;100;R;-30,04069617;-51,21319956
553;2;7876089;R;;OLAVO BILAC;596;;;;;M;100;L;-30,04101419;-51,21371262
554;2;7876089;R;;OLAVO BILAC;516;;;;;M;100;L;-30,04140928;-51,2143872
555;2;7976087;R;;IGNACIO MONTANHA;74;;;;;M;100;L;-30,04197141;-51,21401157
556;2;7976087;R;;IGNACIO MONTANHA;150;Ao lado 140;;;;U;0;;;
557;2;7876105;R;;LOBO DA COSTA;431;;;;;M;100;R;-30,04244965;-51,21439967
558;2;7877186;AV;;JOAO PESSOA;1364;;x;;;M;100;L;-30,04309785;-51,21489325
559;2;7876121;R;;DR SEBASTIAO LEAO;321;;x;;;M;100;R;-30,04351781;-51,21462938
560;2;7877186;AV;;JOAO PESSOA;1282;Frente ï¾… Panambra;x;;danificado acid em 21/07 permanece;M;100;L;-30,04245305;-51,21537654
561;2;7976335;AV;DA;AZENHA;155;;;;;M;100;R;-30,04528945;-51,214181
562;2;7976335;AV;DA;AZENHA;239;;;;;M;100;R;-30,04614927;-51,2140041
563;2;7976335;AV;DA;AZENHA;305;;;;;M;100;R;-30,04677269;-51,21387026
564;2;7976103;AV;;JERONIMO DE ORNELAS;49;Lado oposto 48;;;;M;100;R;-30,0432878;-51,21425369
565;2;7976103;AV;;JERONIMO DE ORNELAS;135;;;;;M;100;R;-30,04290851;-51,21363358
566;2;7976103;AV;;JERONIMO DE ORNELAS;241;;x;;;M;100;R;-30,04233235;-51,21264114
567;2;7976103;AV;;JERONIMO DE ORNELAS;188;;;;;M;100;L;-30,04233647;-51,21279907
568;2;7976202;R;;SANTANA;466;;;;;M;100;L;-30,04241307;-51,21188266
569;2;7976251;R;;LAURINDO;232;;;;;M;100;L;-30,04300234;-51,21170502
570;2;7976251;R;;LAURINDO;148;;;;;M;100;L;-30,04337138;-51,21259378
571;2;7976251;R;;LAURINDO;52;;;;;M;100;L;-30,04379314;-51,21360951
572;3;7976244;AV;;PIRATINI;76;Esc. Julio de Cast. proximo ï¾… curv;;;;M;100;L;-30,04423333;-51,21349422
573;2;7976244;AV;;PIRATINI;109;;;;;M;100;R;-30,04443378;-51,21328034
574;2;7877186;AV;;JOAO PESSOA;1863;Est. Perpend. No canteiro central;;;;M;100;R;-30,04586336;-51,21282959
575;2;7976210;R;;LUIZ MANOEL;5;Em frente a escola;;;;M;100;R;-30,04593624;-51,21257946
576;2;7976210;R;;LUIZ MANOEL;55;;;;;M;100;R;-30,04540004;-51,21156931
577;2;7976293;R;;DELEGADO GRANT;12;;;;;M;100;L;-30,04560199;-51,21092833
578;2;7976210;R;;LUIZ MANOEL;121;;;;;M;100;R;-30,0449369;-51,21072073
579;2;7976202;R;;SANTANA;688;;;;;M;100;L;-30,04401452;-51,21075182
580;2;7976202;R;;SANTANA;667;;;;;M;100;R;-30,04394592;-51,21089759
581;2;7976202;R;;SANTANA;640;Ao lado 646;x;;;M;100;L;-30,04369289;-51,21097886
582;2;7976202;R;;SANTANA;570;Ao lado 578;x;;;M;100;L;-30,04322385;-51,21130997
583;2;7976202;R;;SANTANA;523;;;;;M;100;R;-30,0430338;-51,21154147
584;2;7976251;R;;LAURINDO;355;;;;;M;100;R;-30,04259119;-51,21077142
585;2;7977234;R;;SANTA TEREZINHA;590;;;;;M;100;L;-30,04290492;-51,2096598
586;2;7977234;R;;SANTA TEREZINHA;642;;;;;M;100;L;-30,04331643;-51,20959668
587;2;7977184;R;;JACINTO GOMES;597;;;;;M;100;R;-30,0430951;-51,20894952
588;2;7977184;R;;JACINTO GOMES;515;;;;;M;100;R;-30,04247443;-51,20902362
589;2;7976053;TRAV;;BORGES FORTES;45;Lado oposto 46;;;;M;100;R;-30,04227719;-51,20850803
590;3;7976301;R;;DR OLINTO DE OLIVEIRA;100;Esq. Jacinto Gomes;;;;M;100;L;-30,04441749;-51,20873757
591;2;7977184;R;;JACINTO GOMES;683;;;;;M;100;R;-30,04408624;-51,20882687
592;3;7977234;R;;SANTA TEREZINHA;701;Lado oposto 700;;;;M;100;R;-30,04350068;-51,20965051
593;3;7976301;R;;DR OLINTO DE OLIVEIRA;70;Lado oposto 66;;;;M;100;L;-30,04463764;-51,20913704
594;2;7976202;R;;SANTANA;762;;x;;;M;100;L;-30,04451036;-51,21040179
595;2;7976202;R;;SANTANA;807;;x;;;M;100;R;-30,04543977;-51,20983555
596;2;7775026;AV;;IPIRANGA;1500;;x;;;M;100;L;-30,0467328;-51,21212135
597;2;7877186;AV;;JOAO PESSOA;1914;;;;;M;100;L;-30,04642748;-51,21229285
598;2;7775026;AV;;IPIRANGA;1450;;x;;;M;100;L;-30,04709904;-51,21287312
599;2;7775026;AV;;IPIRANGA;1400;Esq. Aazenha;x;;;M;100;L;-30,04730123;-51,21370014
600;2;7775026;AV;;IPIRANGA;1280;Esq. Lima e Silva;x;;;M;100;L;-30,04744572;-51,21480613
601;2;7877228;R;;GEN LIMA E SILVA;1704;;;;;M;100;L;-30,04688108;-51,21489707
602;2;7877228;R;;GEN LIMA E SILVA;1616;;;;;M;100;L;-30,04600118;-51,2151827
603;2;7877228;R;;GEN LIMA E SILVA;1510;Lado oposto 1509;;;;M;100;L;-30,04496659;-51,21551575
604;2;7877228;R;;GEN LIMA E SILVA;1440;;x;;;M;100;L;-30,04429045;-51,21597271
605;2;7876121;R;;DR SEBASTIAO LEAO;245;;x;;;M;100;R;-30,04406339;-51,21556903
606;2;7877186;AV;;JOAO PESSOA;1401;;x;;;M;100;R;-30,04339183;-51,21477398
607;2;7876105;R;;LOBO DA COSTA;301;Ao lado 299;;;;M;100;R;-30,04300749;-51,21533556
608;2;7876105;R;;LOBO DA COSTA;227;;;;;M;100;R;-30,04353448;-51,21622939
609;2;7876105;R;;LOBO DA COSTA;165;;;;;M;100;R;-30,04385447;-51,21677436
610;2;7877228;R;;GEN LIMA E SILVA;1282;Lado oposto 1281;;;;U;0;;;
611;2;7876089;R;;OLAVO BILAC;206;;;;;M;100;L;-30,04308198;-51,21723066
612;2;7877228;R;;GEN LIMA E SILVA;1196;;;;;M;100;L;-30,04237494;-51,2173998
613;2;7876089;R;;OLAVO BILAC;254;;;;;M;100;L;-30,04287793;-51,21688227
614;2;7876089;R;;OLAVO BILAC;312;;;;;M;100;L;-30,04253525;-51,21629208
615;2;7877186;AV;;JOAO PESSOA;1239;;;;;M;100;R;-30,04215844;-51,21569957
616;2;7877186;AV;;JOAO PESSOA;1282;;;;;M;100;L;-30,04245305;-51,21537654
617;2;7877186;AV;;JOAO PESSOA;1327;;x;;;M;100;R;-30,04284694;-51,21517822
618;2;7876121;R;;DR SEBASTIAO LEAO;171;;x;;;M;100;R;-30,04440569;-51,21617591
619;2;7876121;R;;DR SEBASTIAO LEAO;111;Lado oposto 110;;;;M;100;R;-30,04500143;-51,21720783
620;2;7976145;R;;OTTO ERNST MEYER;123;;;;;M;100;R;-30,04575975;-51,21617101
621;2;7976145;R;;OTTO ERNST MEYER;95;;;;;M;100;R;-30,04597219;-51,21608265
622;2;7976079;R;;JOAO NEVES DA FONTOURA;193;Frente ï¾… Otto Ernst Meyer;;;;M;100;R;-30,04687719;-51,21530709
623;3;7976061;R;;JOSE HONORATO DOS SANTOS;100;;;;;M;100;L;-30,04621986;-51,21652682
624;2;7976079;R;;JOAO NEVES DA FONTOURA;15;Fundos EPTC;;;;M;100;R;-30,04712;-51,217248
625;2;7775026;AV;;IPIRANGA;1090;;x;;;M;100;L;-30,04778886;-51,21745218
626;2;7775026;AV;;IPIRANGA;906;;x;;;M;100;L;-30,04794549;-51,21876883
627;2;7775026;AV;;IPIRANGA;740;;x;;;M;100;L;-30,04809176;-51,2209003
628;2;7775026;AV;;IPIRANGA;694;;x;;;M;100;L;-30,04807005;-51,22147307
629;2;7876220;AV;;GETULIO VARGAS;369;Ao lado 379;x;;;M;100;R;-30,04761869;-51,22153033
630;3;7775026;AV;;IPIRANGA;600;Ao lado 572;;;;M;100;L;-30,04800104;-51,22236067
631;3;7775026;AV;;IPIRANGA;490;;;;;M;100;L;-30,04790209;-51,22357196
632;3;7775026;AV;;IPIRANGA;332;Ao lado 322;;;;M;100;L;-30,04778903;-51,22498063
633;3;7775026;AV;;IPIRANGA;310;;;;;M;100;L;-30,04777301;-51,22518163
634;2;7876303;R;;DEZESSETE DE JUNHO;387;;;;;M;100;R;-30,04714041;-51,22590799
635;2;7876246;R;;BARONEZA DO GRAVATAI;640;;;;;M;100;L;-30,0465988;-51,22574943
636;2;7876303;R;;DEZESSETE DE JUNHO;391;;;;;M;100;R;-30,04714792;-51,22581817
637;2;7876303;R;;DEZESSETE DE JUNHO;465;;;;;M;100;R;-30,04722461;-51,22490373
638;2;7876303;R;;DEZESSETE DE JUNHO;529;;;;;M;100;R;-30,04729092;-51,22411286
639;2;7876287;R;;MUCIO TEIXEIRA;241;;;;;M;100;R;-30,04656023;-51,22382399
640;2;7876303;R;;DEZESSETE DE JUNHO;629;;;;;M;100;R;-30,04737828;-51,22308864
641;2;7876303;R;;DEZESSETE DE JUNHO;721;;;;;M;100;R;-30,04747256;-51,22198843
642;2;7876220;AV;;GETULIO VARGAS;327;;;;;M;100;R;-30,04740949;-51,22150155
643;2;7876303;R;;DEZESSETE DE JUNHO;811;;;;;M;100;R;-30,04751826;-51,22145281
644;2;7876303;R;;DEZESSETE DE JUNHO;879;;;;;M;100;R;-30,04762367;-51,22010317
645;2;7876196;R;;MARECHAL SETEMBRINO DE CARVALHO;225;Fundos Centro Mun. De Cultura;;;;U;0;;;
646;2;7876170;R;;ALM. ALVARO A DA MOTTA E SILVA;52;;;;;M;100;L;-30,04523026;-51,22028058
647;2;7876170;R;;ALM. ALVARO A DA MOTTA E SILVA;147;;;;;M;100;R;-30,0459474;-51,22046626
648;3;7876170;R;;ALM. ALVARO A DA MOTTA E SILVA;190;Fundos do Gin. Tesourinha;;;;M;100;L;-30,04631588;-51,22043333
649;2;7776081;AV;;AURELIANO DE FIGUEIREDO PINTO;975;Ao lado 965;x;;;M;100;R;-30,04386432;-51,22112727
650;2;7876279;R;;BARAO DO GRAVATAI;762;;;;;M;100;L;-30,04482854;-51,22117007
651;2;7876220;AV;;GETULIO VARGAS;70;Ao lado 80;x;;;M;100;L;-30,04483226;-51,22106728
652;2;7876220;AV;;GETULIO VARGAS;143;;;;;M;100;R;-30,046269;-51,22134387
653;2;7876220;AV;;GETULIO VARGAS;162;;;;Relocado do 178 para 162 em 13/07;M;100;L;-30,0463441;-51,22127109
654;2;7876295;R;;CEL ANDRE BELO;728;;;;;M;100;L;-30,0464776;-51,22167897
655;2;7876220;AV;;GETULIO VARGAS;276;;;;;M;100;L;-30,04697011;-51,22135812
656;2;7876295;R;;CEL ANDRE BELO;650;;;;;M;100;L;-30,04637111;-51,22252372
657;2;7876295;R;;CEL ANDRE BELO;590;;;;;M;100;L;-30,0462892;-51,22317353
658;2;7876287;R;;MUCIO TEIXEIRA;135;;;;;M;100;R;-30,04576835;-51,22371203
659;2;7876295;R;;CEL ANDRE BELO;520;Ao lado 510;;;;M;100;L;-30,04620967;-51,22383584
660;2;7876287;R;;MUCIO TEIXEIRA;100;Ao lado 90;;;;M;100;L;-30,04527326;-51,22356
661;2;7876287;R;;MUCIO TEIXEIRA;43;;;;;M;100;R;-30,0446422;-51,22355626
662;2;7876279;R;;BARAO DO GRAVATAI;620;Lado oposto 619;;;;M;100;L;-30,04470234;-51,22230718
663;2;7876279;R;;BARAO DO GRAVATAI;680;Ao lado 690;;;;M;100;L;-30,04475566;-51,22182671
664;2;7876147;R;;QUATRO JACOS;40;Lado oposto 36;;;;M;100;L;-30,04430145;-51,22135256
665;2;7776081;AV;;AURELIANO DE FIGUEIREDO PINTO;964;;;;;M;100;L;-30,04371185;-51,22140217
666;2;7776081;AV;;AURELIANO DE FIGUEIREDO PINTO;892;;;;;M;100;L;-30,0435984;-51,22225849
667;2;7776081;AV;;AURELIANO DE FIGUEIREDO PINTO;806;;;;;M;100;L;-30,04352101;-51,22321519
668;2;7876063;R;;JOAQUIM NABUCO;490;Lado oposto 487;;;;M;100;L;-30,04302407;-51,22353389
669;2;7876063;R;;JOAQUIM NABUCO;406;;;;;M;100;L;-30,04258308;-51,22243273
670;2;7876063;R;;JOAQUIM NABUCO;320;;;;;M;100;L;-30,04224316;-51,22151059
671;2;7976012;R;;LOPO GONCALVES;506;;;;;M;100;L;-30,04190958;-51,22270819
672;2;7976012;R;;LOPO GONCALVES;600;;;;;M;100;L;-30,04220328;-51,22351788
673;2;7976012;R;;LOPO GONCALVES;674;;;;;M;100;L;-30,04250217;-51,22434164
674;3;7876113;R;;JORNAL DO BRASIL;111;;;;;M;100;R;-30,04711029;-51,21750545
675;2;7876154;AV;;ERICO VERISSIMO;15;EPTC;;;;M;100;R;-30,04405013;-51,22078869
676;2;7876154;AV;;ERICO VERISSIMO;20;Ginasio Tesourinha;;;;M;100;L;-30,04404675;-51,22066217
677;2;7876121;R;;DR SEBASTIAO LEAO;31;Lado oposto 32 (praca);x;;;M;100;R;-30,04520254;-51,21755569
678;2;7876105;R;;LOBO DA COSTA;19;;;;;M;100;R;-30,04466213;-51,21815478
679;2;7876105;R;;LOBO DA COSTA;109;Ao lado 99;;;;M;100;R;-30,04416426;-51,21730384
680;2;7877244;R;;JOSE DO PATROCINIO;1197;;x;;;M;100;R;-30,0442326;-51,21910811
681;2;7876089;R;;OLAVO BILAC;12;;;;;M;100;L;-30,04409851;-51,21895675
682;2;7876089;R;;OLAVO BILAC;126;;;;;M;100;L;-30,04350117;-51,21794244
683;2;7877244;R;;JOSE DO PATROCINIO;1091;Lado oposto 1090 (praca);;;;M;100;R;-30,04365833;-51,21954348
684;2;7876097;PCA;;GARIBALDI;22;;x;;;M;100;L;-30,04436239;-51,219245
685;2;7877244;R;;JOSE DO PATROCINIO;975;;;;;M;100;R;-30,04288364;-51,22020569
686;2;7877244;R;;JOSE DO PATROCINIO;913;;;;;M;100;R;-30,04239095;-51,22069697
687;2;7876071;AV;;VENANCIO AIRES;23;Ao lado 15;x;;;M;100;R;-30,04305696;-51,21957882
688;2;7876071;AV;;VENANCIO AIRES;113;;;;;M;100;R;-30,04257453;-51,21873623
689;2;7876071;AV;;VENANCIO AIRES;213;;;;;M;100;R;-30,04203849;-51,21780003
690;2;7876071;AV;;VENANCIO AIRES;168;;;;;M;100;L;-30,04224112;-51,2183048
691;2;7876071;AV;;VENANCIO AIRES;68;;;;;M;100;L;-30,04276732;-51,21922383
692;2;7876063;R;;JOAQUIM NABUCO;525;;;;;M;100;R;-30,04311868;-51,22380714
693;2;7876014;R;;JOAO ALFREDO;657;;;;;M;100;R;-30,04277301;-51,22435132
694;2;7876014;R;;JOAO ALFREDO;593;;;;;M;100;R;-30,04218316;-51,22482544
695;2;7876014;R;;JOAO ALFREDO;582;;;;;M;100;L;-30,04194393;-51,22486302
696;2;7877301;R;;LUIZ AFONSO;655;Ao lado 645;;;;U;0;;;
697;2;7877301;R;;LUIZ AFONSO;575;;;;;M;100;R;-30,04109196;-51,22440242
698;2;7876014;R;;JOAO ALFREDO;483;;;;;M;100;R;-30,04126084;-51,22527437
699;2;7876014;R;;JOAO ALFREDO;413;;;;;M;100;R;-30,04060702;-51,22567293
700;2;7877293;R;DA;REPUBLICA;650;;;;;M;100;L;-30,04026889;-51,22583195
701;2;7877293;R;DA;REPUBLICA;592;;;;;M;100;L;-30,03988888;-51,22528583
702;2;7876014;R;;JOAO ALFREDO;336;;;;;M;100;L;-30,04015391;-51,22608343
703;2;7876014;R;;JOAO ALFREDO;299;;;;;M;100;R;-30,03989196;-51,22649719
704;2;7877251;TRAV;DO;CARMO;205;;;;;M;100;R;-30,03940299;-51,22691784
705;2;7876014;R;;JOAO ALFREDO;187;DMAE;;;;M;100;R;-30,03931057;-51,22714663
706;2;7877251;TRAV;DO;CARMO;143;Lado oposto 142;;;;M;100;R;-30,03889974;-51,22650063
707;2;7677081;AV;;LOUREIRO DA SILVA;1530;;;;;M;100;L;-30,03758571;-51,22639944
708;3;7877509;VDT;DOS;ACORIANOS-ACESSO LESTE;21;"Na ""alca"" do viaduto";x;;;M;100;R;-30,0378743;-51,22723174
709;2;7778145;AV;;BORGES DE MEDEIROS;1210;;x;;;M;100;L;-30,03740166;-51,22815475
710;2;7778145;AV;;BORGES DE MEDEIROS;1133;;;x;;M;100;R;-30,03644432;-51,2281539
711;2;7777220;R;;CEL GENUINO;423;;;x;;M;100;R;-30,03705169;-51,2282219
712;2;7677107;R;;WASHINGTON LUIZ;1005;Lado oposto 1004;;;;M;100;R;-30,03740669;-51,2302403
713;2;7677081;AV;;LOUREIRO DA SILVA;945;Na divisa Cientec/Parobe;;;;M;100;R;-30,03840355;-51,22961751
714;2;7677107;R;;WASHINGTON LUIZ;820;;;;;M;100;L;-30,0367625;-51,23203357
715;2;7677073;R;;DEMETRIO RIBEIRO;733;;;;;M;100;R;-30,03600757;-51,23188122
716;2;7677073;R;;DEMETRIO RIBEIRO;793;;;;;M;100;R;-30,03607015;-51,23129822
717;2;7677107;R;;WASHINGTON LUIZ;882;;;;;M;100;L;-30,03691836;-51,23149527
718;2;7677107;R;;WASHINGTON LUIZ;956;Ao lado 980;;;;M;100;L;-30,03717525;-51,23071759
719;2;7777105;R;;ESPIRITO SANTO;357;;;;;M;100;R;-30,03691113;-51,23001922
720;2;7677073;R;;DEMETRIO RIBEIRO;899;;;;;M;100;R;-30,03618843;-51,23017408
721;2;7677073;R;;DEMETRIO RIBEIRO;961;;;;;M;100;R;-30,03618802;-51,22957599
722;3;7677073;R;;DEMETRIO RIBEIRO;1067;;;;;M;100;R;-30,03612235;-51,22834399
723;3;7778145;AV;;BORGES DE MEDEIROS;1042;;;x;;M;100;L;-30,03592973;-51,2280407
724;3;7777220;R;;CEL GENUINO;311;Lado oposto 310;;;;M;100;R;-30,03646108;-51,22774446
725;3;7777220;R;;CEL GENUINO;222;;;x;;M;100;L;-30,03588137;-51,22717321
726;3;7877244;R;;JOSE DO PATROCINIO;31;;;x;;M;100;R;-30,03631639;-51,22708791
727;2;7877244;R;;JOSE DO PATROCINIO;123;;x;;;M;100;R;-30,0370122;-51,2263124
728;2;7677081;AV;;LOUREIRO DA SILVA;1700;;;;;M;100;L;-30,03657863;-51,22546592
729;2;7677081;AV;;LOUREIRO DA SILVA;1788;;;;;M;100;L;-30,03583403;-51,22477799
730;2;7877228;R;;GEN LIMA E SILVA;220;Ao lado 234;x;;;M;100;L;-30,03580907;-51,22466648
731;2;7677081;AV;;LOUREIRO DA SILVA;1735;;;;;M;100;R;-30,03727434;-51,22600247
732;2;7677081;AV;;LOUREIRO DA SILVA;1665;Frente lancheria Perimetral;;;;U;0;;;
733;2;7877251;TRAV;DO;CARMO;27;Lado oposto 26;;;;M;100;R;-30,03795817;-51,22572005
734;2;7877244;R;;JOSE DO PATROCINIO;287;;;;;M;100;R;-30,0380294;-51,22520058
735;2;7877343;R;;SARMENTO LEITE;1105;Lado oposto 1100;;;;M;100;R;-30,03838706;-51,22455492
736;2;7877343;R;;SARMENTO LEITE;1021;;;;;M;100;R;-30,03737557;-51,22389963
737;2;7877343;R;;SARMENTO LEITE;929;;;;;M;100;R;-30,03683129;-51,22354837
738;2;7877228;R;;GEN LIMA E SILVA;300;;;;;M;100;L;-30,0365221;-51,22373939
739;3;7877202;R;;LEAO XIII;33;;;;;M;100;R;-30,03654182;-51,22412914
740;2;7877269;TRAV;;COMENDADOR BATISTA;56;;;;;M;100;L;-30,03797044;-51,22333699
741;2;7877293;R;DA;REPUBLICA;356;Lado oposto 355;;;;M;100;L;-30,03824643;-51,22290917
742;2;7877293;R;DA;REPUBLICA;432;;;;;M;100;L;-30,03901355;-51,22402745
743;2;7877293;R;DA;REPUBLICA;496;;;;;M;100;L;-30,03925989;-51,2243819
744;2;7877244;R;;JOSE DO PATROCINIO;373;;;;;M;100;R;-30,03870538;-51,2244626
745;3;7877244;R;;JOSE DO PATROCINIO;479;;;;;M;100;R;-30,039324;-51,22380715
746;2;7877244;R;;JOSE DO PATROCINIO;565;;;;;M;100;R;-30,04000249;-51,22311848
747;2;7877301;R;;LUIZ AFONSO;469;;;;;M;100;R;-30,04045268;-51,22338395
748;2;7877301;R;;LUIZ AFONSO;383;;;;;M;100;R;-30,04004031;-51,22272823
749;2;7877244;R;;JOSE DO PATROCINIO;655;;;;;M;100;R;-30,04063184;-51,22247269
750;2;7876048;R;;ALBERTO TORRES;233;Ao lado 223;;;;U;0;;;
751;2;7877244;R;;JOSE DO PATROCINIO;737;;;;;M;100;R;-30,04127567;-51,22182091
752;2;7976012;R;;LOPO GONCALVES;448;Lado oposto 455;;;;M;100;L;-30,04160283;-51,22185478
753;2;7976012;R;;LOPO GONCALVES;388;Ao lado 378;;;;M;100;L;-30,04146501;-51,2214706
754;2;7876063;R;;JOAQUIM NABUCO;220;Esq. Jose do Patrocinio;;;;M;100;L;-30,04203023;-51,22093061
755;2;7876022;R;;DECIO MARTINS COSTA;20;;;;;U;0;;;
756;2;7876022;R;;DECIO MARTINS COSTA;130;;;;;M;100;L;-30,03970165;-51,22744435
757;2;7876022;R;;DECIO MARTINS COSTA;287;Capatazia da Republica;;;;U;0;;;
758;2;7877293;R;DA;REPUBLICA;801;;;;;M;100;R;-30,04101674;-51,22702893
759;2;7876246;R;;BARONEZA DO GRAVATAI;49;Lado oposto 48;;;;M;100;R;-30,0413923;-51,22644987
760;2;7877301;R;;LUIZ AFONSO;749;Lado oposto 750;;;;M;100;R;-30,04175599;-51,22558413
761;2;7876246;R;;BARONEZA DO GRAVATAI;117;;;;;M;100;R;-30,04197251;-51,22621884
762;2;7876345;PCA;;CONEGO MARCELINO;89;;;;;M;100;R;-30,04185354;-51,22769966
763;2;7776107;AV;;PRAIA DE BELAS;454;;;;;M;100;L;-30,04257418;-51,22781978
764;3;7778145;AV;;BORGES DE MEDEIROS;1555;Frente ao DAER;x;;;M;100;R;-30,04249972;-51,22881397
765;3;7778145;AV;;BORGES DE MEDEIROS;1565;;x;;;M;100;R;-30,04258498;-51,22882306
766;3;7776081;AV;;AURELIANO DE FIGUEIREDO PINTO;80;Frente ao Min. Publico;;;;M;100;L;-30,04265626;-51,23157247
767;2;7776081;AV;;AURELIANO DE FIGUEIREDO PINTO;155;;;;;M;100;R;-30,04288196;-51,23092343
768;2;7776040;R;;DR VICENTE DE PAULA DUTRA;314;;;x;;M;100;L;-30,04354824;-51,22948071
769;2;7776040;R;;DR VICENTE DE PAULA DUTRA;196;Lado oposto 195;;x;;M;100;L;-30,04423821;-51,22984013
770;3;7776040;R;;DR VICENTE DE PAULA DUTRA;78;Estacionamento obliquo;;x;;M;100;L;-30,04359819;-51,2301573
771;2;7778145;AV;;BORGES DE MEDEIROS;2105;;x;;;M;100;R;-30,04422962;-51,22900972
772;2;7776073;R;;CELESTE GOBBATO;23;Ao lado 33;;x;;M;100;R;-30,04550174;-51,23001895
773;2;7776073;R;;CELESTE GOBBATO;119;Lado oposto 120;x;;;M;100;R;-30,04466974;-51,22991153
774;3;7776073;R;;CELESTE GOBBATO;199;Lado oposto 200;;x;;M;100;R;-30,0444489;-51,23047798
775;2;7776073;R;;CELESTE GOBBATO;229;;;x;;M;100;R;-30,04454193;-51,23074571
776;2;7776123;R;;MANOELITO DE ORNELLAS;35;Fundos do Gripo Ipiranga;;x;;M;100;R;-30,04621181;-51,23095943
777;2;7778145;AV;;BORGES DE MEDEIROS;2233;;x;;;M;100;R;-30,04431139;-51,22901965
778;2;7876337;R;;EDMUNDO BITENCOURT;96;Lado oposto 97;;;;M;100;L;-30,0462377;-51,22813541
779;2;7776107;AV;;PRAIA DE BELAS;799;;x;;;M;100;R;-30,04644821;-51,22744724
780;2;7776057;R;;DRA RITA LOBATO;191;;;;;M;100;R;-30,04563424;-51,22746422
781;2;7776057;R;;DRA RITA LOBATO;109;Lado oposto 108;;;;M;100;R;-30,04559223;-51,22793065
782;2;7876329;R;;GEN SERGIO OLIVEIRA;31;;;;;M;100;R;-30,04486244;-51,22784472
783;2;7776107;AV;;PRAIA DE BELAS;579;;x;;;M;100;R;-30,04450386;-51,22762952
784;2;7776024;R;;ISMAEL CHAVES BARCELOS;43;Lado oposto 42;;;;M;100;R;-30,04423272;-51,22822743
785;2;7876279;R;;BARAO DO GRAVATAI;228;;;;;M;100;L;-30,04444619;-51,22720869
786;2;7776107;AV;;PRAIA DE BELAS;576;;x;;;M;100;L;-30,04354062;-51,22768273
787;2;7776081;AV;;AURELIANO DE FIGUEIREDO PINTO;455;;;;;M;100;R;-30,04321041;-51,22734237
788;2;7776081;AV;;AURELIANO DE FIGUEIREDO PINTO;545;;;;;M;100;R;-30,0433369;-51,22603036
789;2;7876246;R;;BARONEZA DO GRAVATAI;331;;;;;M;100;R;-30,04370462;-51,22597487
790;2;7876279;R;;BARAO DO GRAVATAI;302;Lado oposto 301;;;;M;100;L;-30,04434455;-51,2261673
791;2;7876246;R;;BARONEZA DO GRAVATAI;429;;;;;M;100;R;-30,04471762;-51,22579942
792;2;7876246;R;;BARONEZA DO GRAVATAI;511;Lado oposto 510;;;;U;0;;;
793;2;7876246;R;;BARONEZA DO GRAVATAI;611;Lado oposto 610;;;;M;100;R;-30,04612591;-51,22576575
794;2;7876295;R;;CEL ANDRE BELO;394;;;;;M;100;L;-30,04606326;-51,22550493
795;2;7876295;R;;CEL ANDRE BELO;452;;;;;M;100;L;-30,04613066;-51,22473662
796;2;7876279;R;;BARAO DO GRAVATAI;494;;;;;M;100;L;-30,04459035;-51,22331616
797;2;7876279;R;;BARAO DO GRAVATAI;465;;;;;M;100;R;-30,04447976;-51,2249561
798;2;7876279;R;;BARAO DO GRAVATAI;400;;;;;M;100;L;-30,04439679;-51,22505159
799;2;7876253;TRAV;;PESQUEIRO;77;;;;;M;100;R;-30,04411805;-51,22466201
800;2;7776081;AV;;AURELIANO DE FIGUEIREDO PINTO;777;Ao lado 767;;;;M;100;R;-30,0435713;-51,22348038
801;2;7876253;TRAV;;PESQUEIRO;8;Lado oposto 7;;;;M;100;L;-30,04352432;-51,22450495
802;2;7876238;R;;MIGUEL TEIXEIRA;86;;;;;M;100;L;-30,04299216;-51,22646604
803;2;7876246;R;;BARONEZA DO GRAVATAI;221;Lado oposto 210, IBAMA;;;;M;100;R;-30,04289376;-51,22609029
804;2;7876238;R;;MIGUEL TEIXEIRA;216;;;;;M;100;L;-30,04291565;-51,22569793
805;2;7876003;R;;VEREADIR DILAMAR MACHADO;540;Lado oposto 551;;;;U;0;;;
806;2;7877301;R;;LUIZ AFONSO;296;;;;;M;100;L;-30,03947608;-51,22169441
807;2;7877301;R;;LUIZ AFONSO;203;;;;;M;100;R;-30,03885646;-51,22085523
808;2;7877228;R;;GEN LIMA E SILVA;602;Lado oposto 601;;;;M;100;L;-30,03831406;-51,22141584
809;2;7877228;R;;GEN LIMA E SILVA;736;;;;;M;100;L;-30,03905429;-51,22044857
810;2;7877301;R;;LUIZ AFONSO;143;;;;;M;100;R;-30,03872814;-51,22065331
811;2;7877301;R;;LUIZ AFONSO;27;;;;;M;100;R;-30,03793971;-51,21941491
812;2;7877186;AV;;JOAO PESSOA;623;;x;;;M;100;R;-30,03733716;-51,21942471
813;2;7877186;AV;;JOAO PESSOA;731;Necessidade placa PE;x;;Alterado em 21/06/11 da via para o passeio;M;100;R;-30,03818419;-51,21878997
814;2;7877186;AV;;JOAO PESSOA;835;Necessidade placa PE;x;;Alterado em 21/06/11 da via para o passeio;M;100;R;-30,039039;-51,21811619
815;2;7876030;R;;OCTAVIO CORREA;28;;;;;M;100;L;-30,0394801;-51,21819796
816;2;7876030;R;;OCTAVIO CORREA;112;;;;;M;100;L;-30,04005309;-51,21913977
817;2;7877228;R;;GEN LIMA E SILVA;834;;;;;M;100;L;-30,03978656;-51,21948906
818;2;7876048;R;;ALBERTO TORRES;23;Lado oposto 24;;;;M;100;R;-30,0398255;-51,21994491
819;2;7876048;R;;ALBERTO TORRES;85;;;;;M;100;R;-30,04009154;-51,2206602
820;2;7876048;R;;ALBERTO TORRES;161;;;;;M;100;R;-30,04041765;-51,22153701
821;2;7976012;R;;LOPO GONCALVES;332;;;;;M;100;L;-30,04124752;-51,22086057
822;2;7976012;R;;LOPO GONCALVES;260;;;;;M;100;L;-30,04096788;-51,22007626
823;2;7976012;R;;LOPO GONCALVES;162;;;;;M;100;L;-30,04058726;-51,21900874
824;2;7976012;R;;LOPO GONCALVES;112;Lado oposto 1100;;;;M;100;L;-30,04045655;-51,21865606
825;2;7976012;R;;LOPO GONCALVES;38;;;;;M;100;L;-30,04012985;-51,21780724
826;2;7877186;AV;;JOAO PESSOA;931;Necessidade placa PE;x;;Alterado em 21/06/11 da via para o passeio;M;100;R;-30,0397998;-51,217521
827;2;7877186;AV;;JOAO PESSOA;1027;Necessidade placa PE;x;;Alterado em 21/06/11 da via para o passeio;M;100;R;-30,04058348;-51,21691415
828;3;7877186;AV;;JOAO PESSOA;1040;;;;;M;100;L;-30,04043677;-51,2169263
829;2;7976020;AV;;JOSE BONIFACIO;71;;;;;M;100;R;-30,03993826;-51,21641492
830;2;7976038;TRAV;;PAZ;16;;;;;M;100;L;-30,0402476;-51,21528038
831;2;7976020;AV;;JOSE BONIFACIO;199;;;;;M;100;R;-30,03922283;-51,21518844
832;2;7876071;AV;;VENANCIO AIRES;502;;;;;M;100;L;-30,04048706;-51,21526981
833;2;7876071;AV;;VENANCIO AIRES;444;;;;;M;100;L;-30,04090314;-51,21597529
834;2;7876071;AV;;VENANCIO AIRES;465;;;;;M;100;R;-30,04076774;-51,2155979
835;2;7877186;AV;;JOAO PESSOA;1180;Centro Clinico Belem;x;;;M;100;L;-30,04168761;-51,21596576
836;2;7876089;R;;OLAVO BILAC;418;;;;;M;100;L;-30,04214329;-51,21561786
837;2;7877186;AV;;JOAO PESSOA;1155;Necessidade placa PE;x;;Alterado em 21/06/11 da via para o passeio;M;100;R;-30,04157478;-51,21615372
838;2;7876071;AV;;VENANCIO AIRES;301;;x;;;M;100;R;-30,04159891;-51,21702912
839;2;7876071;AV;;VENANCIO AIRES (Suprimido);302;Proibido estacionar;;;Suprimido em 21/06/11;M;100;L;-30,04153941;-51,21707611
840;2;7876071;AV;;VENANCIO AIRES;260;;x;;Alterado em 21/06/11via para passeio nro 240 para;M;100;L;-30,04179586;-51,21752603
841;2;7877228;R;;GEN LIMA E SILVA;1010;;;;;M;100;L;-30,04118565;-51,21828981
842;2;7876063;R;;JOAQUIM NABUCO;20;;;;;M;100;L;-30,04120655;-51,21867399
843;2;7876063;R;;JOAQUIM NABUCO;90;;;;;M;100;L;-30,04149484;-51,2194638
844;2;7876063;R;;JOAQUIM NABUCO;166;;;;;M;100;L;-30,04180784;-51,22032132
845;2;7878309;R;;GARIBALDI;1264;;x;;;M;100;L;-30,03176667;-51,21520981
846;2;7878309;R;;GARIBALDI;1344;;x;;;M;100;L;-30,03277906;-51,215297
847;2;7878309;R;;GARIBALDI;1396;;x;;;U;0;;;
848;2;7877384;AV;;OSVALDO ARANHA;720;;;x;;M;100;L;-30,03363919;-51,21499617
849;2;7877384;AV;;OSVALDO ARANHA;612;;;x;;M;100;L;-30,03325099;-51,21616702
850;2;7977036;R;;TOMAZ FLORES;350;;;;;M;100;L;-30,03269003;-51,21610413
851;2;7977036;R;;TOMAZ FLORES;256;;;;;M;100;L;-30,03175946;-51,21602608
852;2;7977044;R;;ANTAO DE FARIAS;51;;;;;M;100;R;-30,03186697;-51,21668205
853;3;7878283;R;;DR BARROS CASSAL;737;;;;;M;100;R;-30,0322679;-51,2173247
854;2;7878283;R;;DR BARROS CASSAL;805;Lado oposto 808;;;;M;100;R;-30,03266529;-51,21732562
855;2;7877384;AV;;OSVALDO ARANHA;550;;;x;;M;100;L;-30,03313672;-51,2166726
856;3;7877384;AV;;OSVALDO ARANHA;426;;;x;;M;100;L;-30,03291594;-51,21766619
857;2;7877384;AV;;OSVALDO ARANHA;340;;;x;;M;100;L;-30,03275808;-51,21837868
858;3;7877384;AV;;OSVALDO ARANHA;222;Canteiro central;;;;M;100;L;-30,03243991;-51,21977401
859;2;7877343;R;;SARMENTO LEITE;28;Lado oposto 27;x;;;M;100;L;-30,02985923;-51,21935277
860;2;7877129;AV;;DESEMBARGADOR ANDRE DA ROCHA;19;Lado oposto 20;;;;M;100;R;-30,03260936;-51,22329878
861;3;7877186;AV;;JOAO PESSOA;41;;;;;M;100;R;-30,03282725;-51,22293208
862;2;7877186;AV;;JOAO PESSOA;141;;x;;;M;100;R;-30,03371037;-51,22222382
863;2;7877145;TRAV;;TUYUTY;88;;;;;M;100;L;-30,03408834;-51,22310562
864;2;7877145;TRAV;;TUYUTY;56;;;;;M;100;L;-30,03379835;-51,22345838
865;2;7877160;R;;AVAI;125;;;;;M;100;R;-30,03436819;-51,22344769
866;2;7677081;AV;;LOUREIRO DA SILVA;2002;Lado oposto 2001, relogio;x;;;M;100;L;-30,0347193;-51,22131756
867;2;7677081;AV;;LOUREIRO DA SILVA;2001;;x;;;M;100;R;-30,03500664;-51,22198666
868;3;7877285;PCA;;PROF SAINT-PASTOUS;125;;;;;M;100;R;-30,03548624;-51,22222383
869;2;7877343;R;;SARMENTO LEITE;810;;;;;M;100;L;-30,03516061;-51,22235913
870;2;7877343;R;;SARMENTO LEITE;880;;;;;M;100;L;-30,03572746;-51,22272103
871;2;7877228;R;;GEN LIMA E SILVA;440;;;;;M;100;L;-30,03734776;-51,22266693
872;2;7877277;R;;SOFIA VELOSO;68;;;;;M;100;L;-30,03690771;-51,22229551
873;2;7877277;R;;SOFIA VELOSO;162;;;;;M;100;L;-30,03642275;-51,22161939
874;2;7877293;R;DA;REPUBLICA;266;Lado oposto 267;;;;U;0;;;
875;2;7877293;R;DA;REPUBLICA;210;;;;;M;100;L;-30,03767403;-51,22209672
876;2;7877293;R;DA;REPUBLICA;112;;;;;M;100;L;-30,03715039;-51,22136305
877;2;7877293;R;DA;REPUBLICA;42;;;;;M;100;L;-30,03662885;-51,22062085
878;2;7877186;AV;;JOAO PESSOA;449;;x;;;M;100;R;-30,03619322;-51,22024459
879;2;7877186;AV;;JOAO PESSOA;389;;x;;;M;100;R;-30,0355265;-51,22074452
880;2;7877350;AV;;PAULO GAMA;10;Creche, Inst. Educacao;;;;M;100;L;-30,03266495;-51,21918503
881;3;7877194;PRQ;;FARROUPILHA;100;APROXIMADO;;;;M;100;L;-30,03951922;-51,21766428
882;3;7877194;PRQ;;FARROUPILHA;200;APROXIMADO;;;;M;100;L;-30,0387541;-51,21826509
883;2;7877186;AV;;JOAO PESSOA;547;Necessidade placa PE;x;;Alterado em 21/06/11 da via para o passeio;M;100;R;-30,03663125;-51,21992922
884;2;7977218;AV;;PROTASIO ALVES;52;;x;;;M;100;L;-30,0370516;-51,2076656
885;2;8077018;R;;FRANCISCO FERRER;470;;;x;;M;100;L;-30,03668566;-51,20725623
886;2;7977218;AV;;PROTASIO ALVES;134;;x;;;M;100;L;-30,03717691;-51,20684947
887;2;8077026;R;;GIORDANO BRUNO;345;;;x;;M;100;R;-30,03674893;-51,20658237
888;2;7977218;AV;;PROTASIO ALVES;208;;x;;;M;100;L;-30,03729375;-51,206035
889;2;7977218;AV;;PROTASIO ALVES;274;;x;;;M;100;L;-30,03739102;-51,20534435
890;2;8077091;R;;SAO MANOEL;456;;;;;M;100;L;-30,03798803;-51,2049189
891;2;8077091;R;;SAO MANOEL;550;;;;;M;100;L;-30,03884714;-51,20495201
892;2;8077091;R;;SAO MANOEL;626;;;;;M;100;L;-30,03954174;-51,20497878
893;2;8077091;R;;SAO MANOEL;710;;;;;M;100;L;-30,04030946;-51,20500836
894;2;8076044;R;;DONA EUGENIA;76;Lado oposto 75;;;;M;100;L;-30,04071997;-51,20351605
895;2;8077091;R;;SAO MANOEL;854;Ao lado 844;;;;M;100;L;-30,04158887;-51,20505722
896;2;8076028;R;;FELIPE DE OLIVEIRA;10;;;;;M;100;L;-30,04228129;-51,20466314
897;2;8077075;R;;SILVA SO;427;;x;;;M;100;R;-30,04180105;-51,20411597
898;3;8077075;R;;SILVA SO;269;;;x;;M;100;R;-30,04062986;-51,20408243
899;3;8077075;R;;SILVA SO;201;;;x;;M;100;R;-30,03990893;-51,20407227
900;3;8077075;R;;SILVA SO;139;;;;;M;100;R;-30,03929558;-51,20396802
901;3;8077075;R;;SILVA SO;59;;;x;;M;100;R;-30,03850302;-51,20395878
902;3;8078032;R;;MARIANTE;1019;;;x;;M;100;R;-30,03727094;-51,20431601
903;3;8078032;R;;MARIANTE;941;;;x;;M;100;R;-30,03630187;-51,20429967
904;2;8077083;TRAV;;HELENA SPEROTTO;228;;;;;U;0;;;
905;2;8078032;R;;MARIANTE;831;;x;;;M;100;R;-30,03536464;-51,20420847
906;2;8078032;R;;MARIANTE;759;;x;;;M;100;R;-30,03468654;-51,20420865
907;2;8078032;R;;MARIANTE;691;;x;;;M;100;R;-30,03404611;-51,20420882
908;2;7977168;R;;CABRAL;349;Lado oposto 348;x;;;M;100;R;-30,03377486;-51,20459707
909;2;8078032;R;;MARIANTE;627;;x;;;M;100;R;-30,03344393;-51,20422697
910;2;8077091;R;;SAO MANOEL;72;;;;;M;100;L;-30,03439243;-51,20489048
911;2;8077091;R;;SAO MANOEL;156;;;;;M;100;L;-30,03520139;-51,20489051
912;2;8077091;R;;SAO MANOEL;270;;;;;M;100;L;-30,03627332;-51,20489331
913;2;8077091;R;;SAO MANOEL;330;;;;;M;100;L;-30,03686708;-51,20489636
914;2;8078024;R;;MIGUEL TOSTES;976;;;;;M;100;L;-30,03705719;-51,20569116
915;2;8078024;R;;MIGUEL TOSTES;896;;;;;M;100;L;-30,03626053;-51,20569528
916;2;8078024;R;;MIGUEL TOSTES;796;;;;;M;100;L;-30,03526469;-51,20570043
917;2;8078024;R;;MIGUEL TOSTES;706;;;;;M;100;L;-30,03436844;-51,20570507
918;2;7977168;R;;CABRAL;281;;;;;M;100;R;-30,03357835;-51,20560941
919;2;8078024;R;;MIGUEL TOSTES;575;;;;;M;100;R;-30,03335857;-51,20579452
920;2;7977168;R;;CABRAL;180;;;;;M;100;L;-30,03337831;-51,20628305
921;2;8077026;R;;GIORDANO BRUNO;37;;;;;M;100;R;-30,03377701;-51,20659595
922;2;8077026;R;;GIORDANO BRUNO;83;;;;;M;100;R;-30,03424751;-51,20659545
923;2;7977119;R;;CESAR LOMBROSO;125;;;;;M;100;R;-30,03519834;-51,2072836
924;2;8077026;R;;GIORDANO BRUNO;245;;;;;M;100;R;-30,03554217;-51,20659152
925;2;8077018;R;;FRANCISCO FERRER;396;;;x;;M;100;L;-30,03588384;-51,20725905
926;2;7977119;R;;CESAR LOMBROSO;41;;;;;M;100;R;-30,03519993;-51,2078235
927;2;8077018;R;;FRANCISCO FERRER;268;;;;;M;100;L;-30,03487797;-51,20726591
928;2;8077018;R;;FRANCISCO FERRER;186;Ao lado 176;;;;M;100;L;-30,03396577;-51,20727976
929;2;7977168;R;;CABRAL;100;;;;;M;100;L;-30,03316802;-51,20738821
930;2;7977150;R;;VASCO DA GAMA;488;;;;;M;100;L;-30,03209917;-51,20723884
931;2;8077018;R;;FRANCISCO FERRER;31;;;;;M;100;R;-30,03267972;-51,20725371
932;2;7977150;R;;VASCO DA GAMA;586;;;;;M;100;L;-30,03235655;-51,20598032
933;2;7977150;R;;VASCO DA GAMA;644;;;;;M;100;L;-30,03250573;-51,20524942
934;2;7977150;R;;VASCO DA GAMA;760;;;;;M;100;L;-30,0329586;-51,20299474
935;2;8077042;R;;LIBERDADE;108;;;;;M;100;L;-30,03314198;-51,20437455
936;2;8077042;R;;LIBERDADE;10;;;;;M;100;L;-30,03290783;-51,2056101
937;2;8078024;R;;MIGUEL TOSTES;505;;;;;M;100;R;-30,03244799;-51,20581394
938;2;8078024;R;;MIGUEL TOSTES;435;;;;;M;100;R;-30,03200914;-51,20582662
939;2;7977143;R;;CASEMIRO DE ABREU;204;;;;;M;100;L;-30,03147163;-51,20629297
940;2;7977143;R;;CASEMIRO DE ABREU;122;;;;;M;100;L;-30,03130719;-51,20714828
941;3;7977135;R;;CASTRO ALVES;325;Ao lado 335;;x;;M;100;R;-30,03042828;-51,20771704
942;2;7977135;R;;CASTRO ALVES;389;;;x;;M;100;R;-30,03055627;-51,20704523
943;2;8078024;R;;MIGUEL TOSTES;317;;;;;M;100;R;-30,03077565;-51,20585585
944;2;7977143;R;;CASEMIRO DE ABREU;310;;;;;M;100;L;-30,0316857;-51,20521456
945;2;7977143;R;;CASEMIRO DE ABREU;390;;;;;M;100;L;-30,0318835;-51,20424497
946;2;8078032;R;;MARIANTE;394;Ao lado 426;;;;U;0;;;
947;2;8078073;AV;;GOETHE;462;;x;;;M;100;L;-30,02839115;-51,20005465
948;2;7977135;R;;CASTRO ALVES;697;;;;;M;100;R;-30,03122707;-51,20357037
949;2;8078032;R;;MARIANTE;360;;;x;;M;100;L;-30,03090854;-51,20418444
950;2;7977135;R;;CASTRO ALVES;583;;;;;M;100;R;-30,03101866;-51,20464537
951;2;7977135;R;;CASTRO ALVES;511;;;;;M;100;R;-30,03079673;-51,20578395
952;2;8078024;R;;MIGUEL TOSTES;263;;;x;;M;100;R;-30,03058347;-51,20586244
953;3;8078024;R;;MIGUEL TOSTES;139;;;x;;M;100;R;-30,02918374;-51,20590613
954;2;8077125;R;;DONA LAURA;40;;;;;M;100;L;-30,02969521;-51,20543038
955;3;8077125;R;;DONA LAURA;108;;;x;;M;100;L;-30,02966087;-51,20474325
956;2;8078032;R;;MARIANTE;200;;;;;M;100;L;-30,02964909;-51,20425792
957;3;8078032;R;;MARIANTE;288;;;x;;M;100;L;-30,03004392;-51,20423482
958;2;8077125;R;;DONA LAURA;204;;;;;M;100;L;-30,02961308;-51,20375122
959;2;8078065;R;;DR FLORENCIO YGARTUA;319;;;x;;M;100;R;-30,02959171;-51,20303278
960;2;8077125;R;;DONA LAURA;300;;;x;;M;100;L;-30,0295755;-51,20294629
961;2;8078065;R;;DR FLORENCIO YGARTUA;401;;;x;;M;100;R;-30,03014139;-51,20299438
962;2;8078065;R;;DR FLORENCIO YGARTUA;491;;;x;;M;100;R;-30,03117812;-51,20292166
963;2;8078073;AV;;GOETHE;181;;x;;;M;100;R;-30,02614373;-51,19962783
964;3;8078073;AV;;GOETHE;137;;x;;;M;100;R;-30,02583174;-51,19977266
965;3;8077125;R;;DONA LAURA;386;;;x;;M;100;L;-30,02954975;-51,20239221
966;3;8078073;AV;;GOETHE;21;;x;;;M;100;R;-30,02481641;-51,20065597
967;2;7978133;R;;MOSTARDEIRO;577;;x;;;M;100;R;-30,02858878;-51,20099695
968;2;7978133;R;;MOSTARDEIRO;483;;x;;;M;100;R;-30,02866992;-51,20262798
969;2;7978133;R;;MOSTARDEIRO;455;;x;;;M;100;R;-30,02869079;-51,20302087
970;2;8078065;R;;DR FLORENCIO YGARTUA;265;;;x;;M;100;R;-30,02868215;-51,20309061
971;2;7978133;R;;MOSTARDEIRO;265;;x;;;M;100;R;-30,02876441;-51,20439214
972;2;8078024;R;;MIGUEL TOSTES;105;Ao lado 115;x;;;M;100;R;-30,02885237;-51,20591419
973;2;7877376;AV;;INDEPENDENCIA;1325;;x;;;M;100;R;-30,02900101;-51,20805104
974;2;7978141;PCA;;JULIO DE CASTILHOS;27;;;;;M;100;R;-30,02866933;-51,20831725
975;3;7978158;R;;VINTE QUATRO DE OUTUBRO;64;;x;;;M;100;L;-30,02826981;-51,20712254
976;2;8078099;R;;JARDIM CRISTOFEL;15;;x;;Alterado em 21/06/11 via para passeio nro 15 para;M;100;R;-30,02818447;-51,20738576
977;2;8078099;R;;JARDIM CRISTOFEL;99;;;;;M;100;R;-30,02745064;-51,20765692
978;2;8078099;R;;JARDIM CRISTOFEL;215;;;;;M;100;R;-30,02643725;-51,20803138
979;3;7978158;R;;VINTE QUATRO DE OUTUBRO;80;;x;;;M;100;L;-30,02819533;-51,20683762
980;3;8078024;R;;MIGUEL TOSTES;65;Esq. Mostardeiro, 5.ï¾¦ Av.C;x;;;M;100;R;-30,02861776;-51,20592107
981;3;8078032;R;;MARIANTE;16;;;x;;M;100;L;-30,02776425;-51,20438975
982;3;8078032;R;;MARIANTE;26;Lado oposto 25;;x;;M;100;L;-30,02789715;-51,20437946
983;2;8078065;R;;DR FLORENCIO YGARTUA;208;;;x;;M;100;L;-30,02860126;-51,20301288
984;2;8078065;R;;DR FLORENCIO YGARTUA;150;;;x;;M;100;L;-30,02787308;-51,20306181
985;2;8078065;R;;DR FLORENCIO YGARTUA;48;;;x;;M;100;L;-30,0265925;-51,20314785
986;3;8078057;R;;COMENDADOR CAMINHA;380;Ao lado 372;;x;;U;0;;;
987;2;8078057;R;;COMENDADOR CAMINHA;324;;;x;;M;100;L;-30,02570967;-51,20145045
988;2;8078057;R;;COMENDADOR CAMINHA;250;;;;;M;100;L;-30,02621921;-51,20129498
989;2;8078057;R;;COMENDADOR CAMINHA;140;Ao lado 142;;;;M;100;L;-30,02743412;-51,20206213
990;2;8078057;R;;COMENDADOR CAMINHA;20;Ao lado 42;;;;U;0;;;
991;2;7978075;R;;DR VALE;651;;x;;;M;100;R;-30,02798607;-51,20594028
992;2;7978075;R;;DR VALE;573;;;;Alterado em 21/06/11. Era PE, atualmente E permit;M;100;R;-30,02733736;-51,2062154
993;2;7978075;R;;DR VALE;479;;;;Alterado em 21/06/11. Era PE, atualmente E permit;M;100;R;-30,02662206;-51,20655312
994;2;7978075;R;;DR VALE;395;;;;Alterado em 21/06/11. Era PE, atualmente E permit;M;100;R;-30,02598286;-51,2068549
995;2;7978075;R;;DR VALE;303;;x;;Alterado em 21/06/11 da via para o passeio (PE);M;100;R;-30,02505578;-51,20727678
996;2;7978075;R;;DR VALE;249;Lado oposto 250;x;;Alterado em 21/06/11 da via para o passeio (PE);M;100;R;-30,02440505;-51,20755973
997;2;7978067;R;;TIRADENTES;331;Lado oposto 330;;;;M;100;R;-30,02441559;-51,20817392
998;2;7978067;R;;TIRADENTES;333;;;;;M;100;R;-30,02439738;-51,20815399
999;2;7978075;R;;DR VALE;153;;;;;M;100;R;-30,02313162;-51,20812071
1000;2;7978059;R;;GEN NETO;234;;;;;M;100;L;-30,02313466;-51,20829475
1001;2;7978059;R;;GEN NETO;158;;;;;M;100;L;-30,02381213;-51,20898757
1002;2;7978059;R;;GEN NETO;74;Lado oposto 73;;;;M;100;L;-30,0245609;-51,20975333
1003;3;7978018;AV;;CRISTOVAO COLOMBO;833;;;;;M;100;R;-30,02368916;-51,21014166
1004;3;7978018;AV;;CRISTOVAO COLOMBO;921;;;;;M;100;R;-30,02302423;-51,20946495
1005;2;7978018;AV;;CRISTOVAO COLOMBO;987;;x;;;M;100;R;-30,02253195;-51,2089807
1006;2;7978075;R;;DR VALE;41;;;x;;M;100;R;-30,02260426;-51,20836608
1007;2;7978059;R;;GEN NETO;328;;;;;M;100;L;-30,02282714;-51,20799833
1008;2;7978018;AV;;CRISTOVAO COLOMBO;1085;;x;;;M;100;R;-30,02198131;-51,20845993
1009;3;7978018;AV;;CRISTOVAO COLOMBO;1157;;;x;;M;100;R;-30,02141241;-51,20795778
1010;2;7978059;R;;GEN NETO;410;;;;;M;100;L;-30,02184738;-51,20709919
1011;3;7978018;AV;;CRISTOVAO COLOMBO;1349;;;x;;M;100;R;-30,01995639;-51,20670545
1012;2;7979073;R;;CANCIO GOMES;765;;;;;M;100;R;-30,01919256;-51,20607338
1013;3;7978018;AV;;CRISTOVAO COLOMBO;1527;;x;;;M;100;R;-30,01861118;-51,20553298
1014;3;7979073;R;;CANCIO GOMES;111;Capatazia Secao Norte;;;;M;100;R;-30,01563593;-51,21160886
1015;2;7978018;AV;;CRISTOVAO COLOMBO;1577;;x;;;M;100;R;-30,01839237;-51,2050013
1016;2;8079030;TRAV;;CARMEM;42;Lado oposto 41;;;;M;100;L;-30,01861554;-51,20467066
1017;2;8079014;PCA;;MONSENHOR EMILIO LOTTERMANN;51;Lado oposto 50;;;;M;100;R;-30,01909114;-51,20417685
1018;3;7978018;AV;;CRISTOVAO COLOMBO;1679;;x;;;M;100;R;-30,01832845;-51,2040383
1019;2;8079071;R;;VISCONDE DO RIO BRANCO;691;;;;;M;100;R;-30,01867331;-51,20348852
1020;2;7978018;AV;;CRISTOVAO COLOMBO;1787;;x;;;M;100;R;-30,0182598;-51,20286486
1021;2;8079147;R;;FELIX DA CUNHA;667;;;;;M;100;R;-30,01866283;-51,20234007
1022;2;7978018;AV;;CRISTOVAO COLOMBO;1931;Lado oposto 1930;x;;;M;100;R;-30,01817131;-51,20127758
1023;2;8079154;AV;;MERCEDES;39;;x;;;M;100;R;-30,0186044;-51,20119973
1024;2;7978018;AV;;CRISTOVAO COLOMBO;1989;;x;;;M;100;R;-30,01813979;-51,20068147
1025;3;8079188;R;;DR TIMOTEO;390;;x;;;M;100;L;-30,01845857;-51,20017081
1026;3;8079188;R;;DR TIMOTEO;416;;x;;;M;100;L;-30,01866528;-51,20015712
1027;3;8079188;R;;DR TIMOTEO;526;Lado oposto 525;x;;;M;100;L;-30,01958508;-51,2000761
1028;3;8079188;R;;DR TIMOTEO;604;;x;;;M;100;L;-30,02013382;-51,20000884
1029;2;8078305;R;;MARQUES DO POMBAL;403;Lado oposto 404;x;;;M;100;R;-30,02008334;-51,20025917
1030;2;8078305;R;;MARQUES DO POMBAL;327;;x;;;M;100;R;-30,02011856;-51,20083207
1031;2;8079154;AV;;MERCEDES;145;Lado oposto 146;x;;;M;100;R;-30,01978195;-51,20110679
1032;2;8078305;R;;MARQUES DO POMBAL;251;;x;;;M;100;R;-30,02018003;-51,20191251
1033;2;8079147;R;;FELIX DA CUNHA;753;;;;;M;100;R;-30,01951657;-51,20227278
1034;2;8079147;R;;FELIX DA CUNHA;833;;;;;M;100;R;-30,02019428;-51,20221951
1035;3;8078305;R;;MARQUES DO POMBAL;139;;;;;M;100;R;-30,02025984;-51,20346648
1036;2;8079071;R;;VISCONDE DO RIO BRANCO;781;;;;;M;100;R;-30,01961309;-51,20359377
1037;2;8078305;R;;MARQUES DO POMBAL;39;Lado oposto 40, escadaria;;;;U;0;;;
1038;2;8079030;TRAV;;CARMEM;110;Lado oposto 111;;;;M;100;L;-30,01905722;-51,20462416
1039;2;7978059;R;;GEN NETO;594;;;;;U;0;;;
1040;2;7978059;R;;GEN NETO;534;;;;;M;100;L;-30,02089652;-51,20633196
1041;2;8078180;R;;ENG SALDANHA;30;Lado oposto 37;;;;M;100;L;-30,02174542;-51,2065202
1042;2;8078180;R;;ENG SALDANHA;136;Lado oposto 135;x;;;M;100;L;-30,02278243;-51,20682764
1043;2;8078198;R;;ENG ALVARO NUNES PEREIRA;19;;;;;M;100;R;-30,02326018;-51,20677981
1044;2;8078198;R;;ENG ALVARO NUNES PEREIRA;120;Esq. Luciana de Abreu;;;;M;100;L;-30,02272317;-51,20660753
1045;2;8078198;R;;ENG ALVARO NUNES PEREIRA;230;Lado oposto 229;;;;M;100;L;-30,02179402;-51,20615427
1046;2;8078198;R;;ENG ALVARO NUNES PEREIRA;316;Lado oposto 315;;;;M;100;L;-30,02108972;-51,20579964
1047;2;8078198;R;;ENG ALVARO NUNES PEREIRA;400;;;;;M;100;L;-30,02016099;-51,20529684
1048;2;8078222;R;;SANTO INACIO;530;;;;;M;100;L;-30,02100549;-51,20450694
1049;2;8078222;R;;SANTO INACIO;410;Lado oposto 431;;;;M;100;L;-30,02174712;-51,20493542
1050;2;8078222;R;;SANTO INACIO;346;;;;;M;100;L;-30,02237394;-51,20530026
1051;3;8078222;R;;SANTO INACIO;222;;;;;M;100;L;-30,02339335;-51,20589238
1052;2;8078222;R;;SANTO INACIO;140;;;;;M;100;L;-30,02432751;-51,20642639
1053;2;8078222;R;;SANTO INACIO;56;;;;;M;100;L;-30,02482455;-51,20672017
1054;2;7978158;R;;VINTE QUATRO DE OUTUBRO;838;;x;;;M;100;L;-30,02411134;-51,20026239
1055;2;8078149;R;;OLAVO BARRETO VIANA;115;Esq. 24 de outubro;x;;;U;0;;;
1056;3;7978158;R;;VINTE QUATRO DE OUTUBRO;700;;;x;;M;100;L;-30,02485472;-51,20118025
1057;2;7978158;R;;VINTE QUATRO DE OUTUBRO;624;;;x;;M;100;L;-30,02530703;-51,20175549
1058;2;7978158;R;;VINTE QUATRO DE OUTUBRO;576;;;x;;M;100;L;-30,02568614;-51,20222587
1059;2;7978158;R;;VINTE QUATRO DE OUTUBRO;516;;;x;;M;100;L;-30,02615419;-51,20280334
1060;3;7978158;R;;VINTE QUATRO DE OUTUBRO;438;;x;;;M;100;L;-30,02664345;-51,20338024
1061;2;7978158;R;;VINTE QUATRO DE OUTUBRO;364;;x;;;M;100;L;-30,02714134;-51,20399893
1062;2;8078107;R;;FERNANDO GOMES;188;;;x;;M;100;L;-30,02727161;-51,20425505
1063;2;8078131;R;;PADRE CHAGAS;9;;;x;;M;100;R;-30,02640891;-51,20507047
1064;2;8078107;R;;FERNANDO GOMES;37;Lado oposto 38;;;;M;100;R;-30,02612073;-51,20558184
1065;2;8078115;R;;BARAO DE SANTO ANGELO;68;Lado oposto 67;;;;M;100;L;-30,02552312;-51,20583264
1066;2;8078156;R;;HILARIO RIBEIRO;40;;;;;M;100;L;-30,02434806;-51,20636158
1067;3;8078156;R;;HILARIO RIBEIRO;144;;;x;;M;100;L;-30,02486294;-51,20508401
1068;2;8078115;R;;BARAO DE SANTO ANGELO;181;;;;;M;100;R;-30,0245186;-51,20517417
1069;2;8078230;R;;LUCIANA DE ABREU;233;;;x;;M;100;R;-30,02392656;-51,20437532
1070;2;8078115;R;;BARAO DE SANTO ANGELO;299;;;x;;M;100;R;-30,02371029;-51,20471422
1071;2;8078123;R;;DINARTE RIBEIRO;17;Lado oposto 18;;x;;M;100;R;-30,02297252;-51,20412011
1072;2;8078115;R;;BARAO DE SANTO ANGELO;428;;;;;M;100;L;-30,02305921;-51,20443543
1073;2;8078248;R;;MARQUES DO HERVAL;52;;;;;M;100;L;-30,02116858;-51,20388543
1074;2;8078248;R;;MARQUES DO HERVAL;116;;;;;M;100;L;-30,0215152;-51,20331604
1075;2;8078248;R;;MARQUES DO HERVAL;220;;;;;M;100;L;-30,02145231;-51,20216551
1076;2;8079147;R;;FELIX DA CUNHA;925;;;;;M;100;R;-30,0213297;-51,20213552
1077;2;8078248;R;;MARQUES DO HERVAL;316;Lado oposto 315;;;;M;100;L;-30,02140195;-51,20131139
1078;2;8078248;R;;MARQUES DO HERVAL;392;Lado oposto 391;;;;U;0;;;
1079;2;8079188;R;;DR TIMOTEO;642;Ao lado 632;x;;;M;100;L;-30,02077969;-51,19996835
1080;2;8079188;R;;DR TIMOTEO;710;;x;;;M;100;L;-30,02161364;-51,19992231
1081;2;8079188;R;;DR TIMOTEO;782;;x;;;M;100;L;-30,02242514;-51,19985239
1082;2;8079188;R;;DR TIMOTEO;840;;x;;;M;100;L;-30,02283843;-51,19981967
1083;2;8079188;R;;DR TIMOTEO;900;;x;;;M;100;L;-30,02365919;-51,19975851
1084;2;8078263;R;;TOBIAS DA SILVA;160;;;x;;M;100;L;-30,02258316;-51,20014136
1085;2;8078263;R;;TOBIAS DA SILVA;66;;;x;;M;100;L;-30,02269365;-51,20120841
1086;2;8078255;PCA;;DR MAURICIO CARDOSO;129;;;x;;M;100;R;-30,02286499;-51,20216233
1087;2;8079147;R;;FELIX DA CUNHA;1027;Lado oposto 1026;;;;M;100;R;-30,02215439;-51,20207609
1088;2;8078255;PCA;;DR MAURICIO CARDOSO;140;;;x;;M;100;L;-30,0222115;-51,20253324
1089;2;8078255;PCA;;DR MAURICIO CARDOSO;61;;;x;;M;100;R;-30,0229543;-51,20302965
1090;2;8078123;R;;DINARTE RIBEIRO;116;;;x;;M;100;L;-30,02325216;-51,20339459
1091;2;8078123;R;;DINARTE RIBEIRO;212;;;x;;M;100;L;-30,02392566;-51,20217561
1092;2;8079147;R;;FELIX DA CUNHA;1179;;;x;;M;100;R;-30,0232517;-51,20199175
1093;2;8078149;R;;OLAVO BARRETO VIANA;41;;x;;;M;100;R;-30,02400906;-51,2014675
1094;3;8078131;R;;PADRE CHAGAS;397;;;x;;M;100;R;-30,02385998;-51,20192848
1095;3;8078131;R;;PADRE CHAGAS;311;;;x;;M;100;R;-30,02451354;-51,20270983
1096;2;8078230;R;;LUCIANA DE ABREU;417;;;x;;M;100;R;-30,02518521;-51,20279333
1097;2;8078230;R;;LUCIANA DE ABREU;323;;;x;;M;100;R;-30,02453457;-51,20349845
1098;2;8078131;R;;PADRE CHAGAS;185;;;x;;M;100;R;-30,02534183;-51,20373338
1099;2;8078156;R;;HILARIO RIBEIRO;300;;;;;M;100;L;-30,02594069;-51,20374346
1100;3;8078156;R;;HILARIO RIBEIRO;180;Ao lado 214;;x;;M;100;L;-30,02507506;-51,20467968
1101;2;8078230;R;;LUCIANA DE ABREU;131;;;;;M;100;R;-30,02351371;-51,20534757
1102;3;8078131;R;;PADRE CHAGAS;79;;;x;;M;100;R;-30,02597236;-51,20452474